152305	2	0	Zu den Testungen: Die Flächenscreenings sind gerade in Umsetzung, auch dieses Wo­chenende wieder, ich selber werde am Sonntag sechs Stunden beim Erfassen dieser Screenings mithelfen.
193791	2	1	Können Sie sich das vorstellen? Wenn 130 000 Dosen am Tag in Österreich verimpft werden müssen, dann schafft alleine das Austria Center, das Vienna International Center, 30 000. – Großartig!
194861	2	2	Die Grenze, bis zu der für Entschädigungen in den Teststraßen keine Sozialversicherungsbeiträge anfallen, konnte von 537 Euro auf 1 000 Euro monatlich angehoben werden. Diese Novelle gilt jetzt auch für jene Freiwilligen, die in den Impfstraßen arbeiten, und darüber bin ich sehr glücklich. Das gilt rückwirkend ab dem 1.
45092	2	1	Das Projekt müsste man jetzt in Angriff nehmen, damit die Kiste läuft, wenn die Impfung dann einmal da ist.
166483	0	0	Sie ändern mit diesem Gesetzesantrag, den Sie hier vorliegen haben, das Medizinproduktegesetz, um den Fehler auszugleichen, den Ihr Bundesminister Faßmann gemacht hat, indem er Tests angekauft hat und behauptet hat, dass sie zur Laienanwendung geeignet sind, und diese Tests, die dafür aber nicht zugelassen sind, jetzt trotzdem an Schüler, Eltern und Lehrer verteilt, ohne dass es eine entsprechende rechtliche Grundlage dafür gibt.
158050	2	0	Ein letztes Argument – weil ich vorhin den Zwischenruf von Kollegen Wurm gehört habe: Es darf sich eh jeder impfen lassen! –: Das ist richtig, und ich bin auch überzeugt davon, dass es nichts bringt, da Zwang anzuwenden, aber der Punkt ist: Es geht nicht darum, ob ich mich impfen lasse. Schauen Sie, ich bin noch vergleichsweise jung, bin halbwegs gesund.
64129	0	0	Sie sitzen recht locker da, Sie machen also weiter wie gehabt. Sie spielen das Spiel weiter, mit Ihrer Maske, aber was das sozial bedeutet, Herr Minister, das spüre ich nicht, auch nicht in Ausschüssen, wenn Sie da sind. Sie machen das sehr professionell – da kann man nichts sagen –, aber ich spüre da keine Emotion.
161648	2	1	Ich glaube, es wird notwendig sein, dass die Bevölkerung ihre Impfdaten einfach und digital zugänglich selbst sehen kann. Griechenland zum Beispiel hat schon angekündigt, dass es nur Menschen mit einer Impfung ins Land lassen möch­te, das heißt, man muss schauen, dass der bürokratische Aufwand so gering wie möglich gehalten wird. Apropos bürokratischer Aufwand: Bei Coronaimpfungen ist es derzeit notwendig, einen zweiseitigen Aufklärungs- und Dokumentationsbogen inklusive der Gebrauchsinforma­tionen mit einer Unterschrift zu bestätigen.
184883	1	0	Sie dürfen etwas mehr, und Menschen, die noch nicht geimpft sind, werden in Österreich in Zukunft auch weniger Rechte haben. Man schafft also Menschen zweiter Klasse – und das ist in dieser Krise in Wahrheit blanker Hohn für Menschen, die noch verzweifelt auf den Impfstoff warten. Es gibt Menschen, die verzweifelt sind, die sich um ihre Eltern, ihre Lebensgefährtin oder ihren Lebensgefährten Sorgen machen.
121072	2	0	Auf eine Petition möchte ich heute Bezug nehmen – die Petition Nummer 16, „Globaler Zugang für durch öffentliche Forschungsgelder finanzierte Medikamente, Impfungen und Diagnostik zur Bekämpfung von COVID-19“, vom 22.4.2020. Noch nie zuvor in der Geschichte gab es eine so umfassende weltweite Zusammenarbeit in der Erforschung eines Impfstoffs beziehungsweise Mittels zur Behandlung einer Krank­heit. Die Entwicklung und Erprobung sowohl eines wirksamen Impfstoffes als auch einer medikamentösen Behandlung betreffend Covid-19 haben in Österreich sowie weltweit oberste Priorität.
105485	2	0	Noch wirkungsvoller ist ein Maßnahmenmix bestehend aus Maske, Abstandhalten, Hy­giene, einem funktionierenden Contacttracing, also dem Nachverfolgen einer begrenz­ten Anzahl von Teilnehmern an Veranstaltungen , und auch Beschränkungen von Reisen in Länder mit hohen Infektions­zahlen.
53233	0	1	Müssen Eltern jederzeit damit rechnen, dass der Kin­dergarten oder die Schule geschlossen wird? Muss ein Unternehmer jederzeit damit rechnen, dass seine Baustelle geschlossen wird, weil ein Mitarbeiter auf der Baustelle positiv getestet wurde? Wenn im Sommer in einem Hotel ein Coronafall auftritt, schlie­ßen Sie für 14 Tage das ganze Hotel?
36121	2	2	Der wirkliche Durchbruch wird erst gelingen, wenn es einen Impfstoff gibt oder ein Medikament erfunden wird.
180935	2	1	Und bei der Impfgeschwindigkeit – das haben wir heute schon gehört – sind wir unter den Top Ten und weltweit unter den Top 15.
105428	0	0	Pressekonferenzen, Verordnungen, Politik durch Zuruf, Interviews: Der ganze Coronawahnsinn, ausgelöst von dieser Bundesregierung, hat dazu geführt, dass sich die Menschen in unserem Land nicht mehr auskennen, dass Unsicherheit herrscht, dass Unruhe herrscht. Die Menschen kennen sich nicht mehr aus: Maskenpflicht – nein, ja? Osterbesuch erlaubt – nein, ja?
160023	0	0	Das ist nicht nachvollziehbar. Das ist das, was ich als Impfchaos bezeichne. Das ist die eine Seite der Medaille.
71860	2	2	Es ist jetzt schon eins vor zwölf, nicht eins nach zwölf, um Grippeimpfstoff zu erhalten, es ist also höchste Zeit. Es würde niemand verstehen, wenn wir zu wenig Grippeimpfstoff hätten, nur weil wir coronatraumatisiert nicht voraus­schauend gedacht haben. In diesem Sinne unterstützen wir den Antrag, Grippeimpfstoff zu beschaffen, wie der Herr Minis­ter ausgeführt hat.
147617	0	0	Begonnen bei den absolut absurden Massentestungen, die zurzeit durchgeführt werden, die nichts anderes als eine groß angelegte Umverteilung von zig Millionen Euro Steuergeld von der Bevölkerung in Richtung Pharmaindustrie sind, bis hin zur Einschränkung und zum Ausverkauf unserer Freiheitsrechte, kann es so nicht weitergehen. Sehr geehrte Damen und Herren, da bin ich auch schon bei den Massentestungen. Ich habe einen Test direkt aus einem Ministerium mitgebracht, mit dem auch die Massen­tests durchgeführt werden, und für den „Patienten“ – unter Anführungszeichen – han­delsübliches Cola.
105299	0	1	Dort hat sich die Ärztekammer zusammengerauft, sie hat Mut gefasst und gesagt: Es gibt keine zweite Welle!, sie hat festgestellt: Es gibt eine Testwelle, und zwar einen Testtsu­nami. – Sie ist dafür, Tests nur bei Menschen mit ernsthaften Krankheitssymptomen durchzuführen, nur dafür seien diese Tests auch geeignet. Sie pocht auf Vernunft und Eigenverantwortung und sie fordert dazu auf, dass sich die Politik aus der Medizin he­raushalten soll.
185440	2	2	Das heißt, auch diese Gruppen sind nicht berücksichtigt, und da geht gar nichts weiter. Das Einzige, wo jetzt etwas weitergeht – da haben Sie die Zahlen genannt –, ist eben die Sache mit den Testungen. Ja, wir haben jetzt die Möglichkeit, sehr viele Testungen durchzuführen, und das ist gut so.
161977	2	0	Herr Kollege Wurm, ich habe Sie schon konstruktiver erlebt. Testungen mit dem Tragen einer Fußfessel zu vergleichen, dazu kann man wirklich nichts mehr sagen. Sie wissen auch, dass Impfungen freiwillig sind.
63542	0	0	Während des Lockdowns waren wirklich auch die Kinderrechte massiv eingeschränkt.
147933	1	1	Ich möchte mich jetzt doch noch kurz auf den vorigen Tagesord­nungspunkt beziehen. Herr Amesbauer, weil Sie vorhin so verwirrt geschaut haben: Natürlich hat Ihre Kollegin gesagt, man soll sich vor Weihnachten nicht testen lassen. Ich habe das Gefühl, das mit diesem Colatest hier vorne ist so die Liga der testoste­rongesteuerten Kronprinzen des Herrn Kickl, die da um die Gunst buhlen, wer wohl besser aussteigt und irgendwann ans Ruder kommt.
184885	0	0	Es gibt Menschen, die verzweifelt sind, die sich um ihre Eltern, ihre Lebensgefährtin oder ihren Lebensgefährten Sorgen machen. Wir kennen ja alle diese Beispiele, das sind oft Menschen, die Risikopatientinnen und Risikopatienten sind, die in Österreich alle bis heute keine Impfung bekommen haben. Dann schreibt man in den Entwurf und macht sich Gedanken darüber: Menschen, die bereits eine Impfung haben, sollen mehr Rechte haben als andere.
160116	2	0	Das machen Sie nicht – wir lesen in den Boulevardmedien, wann die Schulen vielleicht wieder aufsperren, das trägt zur Verunsicherung bei. Kollegin Blimlinger hat gesagt, man muss den Menschen die Angst nehmen – ja, nicht nur die Angst beim Impfen, sondern auch die Angst, dass Sie keine Strategie haben, Herr Bundesminister. Ich würde Sie wirklich ersuchen, dass Sie endlich beginnen, mit den Leuten auf Augenhöhe zu kommunizieren.
158563	2	2	Jeder einzelne Tote, den Sie mehr produzieren, wenn Sie diesen Verschwörungstheoretikern, diesen Impf­gegnern Raum geben, Luft geben, das Gefühl geben, dass es das Richtige ist, was sie tun, ist ein Schaden.
65252	0	0	Sie bestätigten aber die Bilder von Gesichtern mit Abdrücken von Masken, die Belastung der Brillenträ­ger durch die Ausatemluft sowie Ausschläge und Allergien von den Keimen rund um den Mundbereich, die sich an der Maske halten und im Gesicht verbleiben.
152611	2	1	Es gibt einen Teil der Abgeordneten, die das Coronavirus und seine Auswirkungen ne­gieren und auch Maßnahmen dagegen torpedieren. Sie inszenieren da im Stile von „Science Busters“ ganz skurrile Episoden, indem sie Auswirkungen von Cola auf Coro­natests darlegen wollen, und so weiter. Auf der anderen Seite, meine Damen und Herren, kämpfen gerade die öffentlich Be­diensteten gegen diese Coronapandemie, von den Pflegekräften in den Krankenhäusern über die Ärzte bis zu den Lehrerinnen und Lehrern, die im Fernunterricht Großartiges, Hervorragendes leisten.
154210	1	0	Zahlreiche coronaverursachte Aufgaben müssen derzeit zusätzlich zu den täglichen Aufgaben verrichtet werden. Es wurden Schulschließungen angeordnet, sie mussten abrupt das Distancelearning umsetzen, mehrfach Elternumfragen zum Schulbesuch durchführen, die Organisation des Schichtbetriebs und des gestaffelten Unterrichts vorbereiten und begleiten, ständig wechselnde Betreuungspläne für die Betreuungsgruppen vorbereiten, Hygienepläne umsetzen, das Infektionsgeschehen beobachten und dokumentieren und täglich Zahlen­eingaben in Portale des Ministeriums vornehmen. Es gibt eine vermehrte Elternarbeit wegen besorgter Anfragen aufgrund der mehrfachen Veränderungen und jetzt auch noch massive Anfeindungen wegen der Maskenpflicht bei den Zehn- bis 14-Jährigen.
139486	1	2	Durch Abholstationen können Versandkosten gespart werden und die Buchkultur ihre wichtige Funktion gerade im Lockdown erfüllen. Die Branche steht vor dem Problem, dass durch den Versandhandel große Umsatzteile ins Ausland abwandern, es wäre daher auch für den inländischen Fiskus von Vorteil, wenn Buchhändler im Inland auch während des Lockdowns die Bücher online verkaufen und durch die Abholstationen den Österreicherinnen und Österreichern ausliefern könn­ten. So wird eine unnötige Umsatzsteuerminderung verhindert und die ohnehin vom Lockdown schwer betroffene Branche könnte davon profitieren.
159003	2	2	Die Impfung ist unsere einzige Chance, den Spieß endlich umzudrehen.
33108	0	0	Und sagen Sie den Leuten, wie sie die Masken ordnungsgemäß und korrekt verwenden, sonst ist diese Maßnahme kontraproduktiv, und auch das wissen Sie ganz genau.
64951	0	0	Wie wollen Sie die Kosten für die ganzen Coronatests, für die Schutzausrüstung und die medizinische Ausstattung, die bestellt wurden, die Kollege Schallmeiner gerade mit gut 400 Millionen Euro beziffert hat, denn bezahlen?
100250	2	1	Ich möchte noch zwei Sätze zu einem Thema verlieren, das auch mit Umwelteinflüssen zu tun hat, bei dem man allerdings schon ein Stück weiter ist, damit man sieht, was die Unkenntnis bedeuten kann. Im Bereich der Umwelteinflüsse, vor allem im Bereich der Luftverschmutzung, gab es zuletzt eine heftige Diskussion, weil die Luftverschmutzung durch den Lockdown ja teil­weise zurückgegangen ist. Wir wissen, dass beispielsweise die Feinstaubbelastung in Europa jedes Jahr knapp 100 000 Menschenleben fordert und dass der volkswirtschaftli­che Schaden allein in Österreich 2 Milliarden Euro ausmacht.
144791	0	1	Wenn das aber ein Freiheitlicher sagt, ist es ein großer Skandal. Wenn ein Freiheitlicher sagt, Symptomlose werden getestet, damit sie krank gemacht werden, ist es ein Skan­dal, wenn es Herr Platter sagt, wird es zur Kenntnis genommen, meine Damen und Her­ren. Das ist die Politik, die diese ÖVP macht.
159215	2	2	Zur Frage 3:  Im Zeitplan der Covid‑19-Impfstrategie sind einerseits die medizinisch-fachlichen Empfehlungen des Nationalen Impfgremiums berücksichtigt, andererseits ist es notwendig, auch organisatorische und gesetzliche, insbesondere arzneimittelrechtliche Vorgaben, einzuhalten. Die Vorbereitung der Alten- und Pflegeheime und der Logistik auf diese größte Impfkampagne Österreichs ist tatsächlich eine Herausforderung. Es gibt viele Betroffene mit schweren Mobilitätseinschränkungen, manche mit Demenzerkrankungen, teilweise ist das Einholen von Zustimmungserklärungen durch ErwachsenenvertreterInnen erforderlich, es gibt Fragen zu möglichen leichten Nebenwirkungen – viele dieser Punkte machten es erforderlich, zu Beginn eine kurze Pilotphase zu verwirklichen, in der Tausende Impfungen bereits durchgeführt wurden.
169244	0	0	Zur Sache mit der Sicherheitsgefährdung, die von der ÖVP immer wieder gekommen ist: Auch das ist ja ein Unsinn der Sonderklasse, Herr Bundesminister, denn gerade Sie mit Ihrer Auftragslage und mit Ihrer Eskalationsstrategie waren dafür verantwortlich, dass beim Maria-Theresien-Platz die Spaziergänger in einem Bereich zusammengedrängt worden sind, wo sie die 2 Meter Abstand eben genau nicht einhalten hätten können.
97438	0	0	Gerade in Krisenzeiten steigt die häusliche Gewalt leider umso mehr an, das haben wir seit Beginn der Covid-Krise auch gesehen. Während des Lockdowns und seit dem Lock­down sind leider die Fälle gestiegen und auch die Zahl der Annäherungsverbote ist ge­stiegen. Ich möchte dazusagen: Die Annäherungsverbote gibt es ja erst seit Jänner die­ses Jahres, und darum ist es wichtig, dass wir uns mit dieser Studie auch ansehen, was die Annäherungsverbote gebracht haben.
154211	0	0	Es wurden Schulschließungen angeordnet, sie mussten abrupt das Distancelearning umsetzen, mehrfach Elternumfragen zum Schulbesuch durchführen, die Organisation des Schichtbetriebs und des gestaffelten Unterrichts vorbereiten und begleiten, ständig wechselnde Betreuungspläne für die Betreuungsgruppen vorbereiten, Hygienepläne umsetzen, das Infektionsgeschehen beobachten und dokumentieren und täglich Zahlen­eingaben in Portale des Ministeriums vornehmen. Es gibt eine vermehrte Elternarbeit wegen besorgter Anfragen aufgrund der mehrfachen Veränderungen und jetzt auch noch massive Anfeindungen wegen der Maskenpflicht bei den Zehn- bis 14-Jährigen. Auch das passiert leider.
158266	2	0	Warum sage ich Ihnen das? – Ich sage es Ihnen, weil das unter anderem untermauert, warum wir dauernd davon reden, dass man die Kontakte minimieren soll, warum wir dauernd davon reden, dass man einen Mund-Nasen-Schutz tragen soll, warum wir ständig davon reden, dass die Hygienemaßnahmen einzuhalten sind, und warum wir ständig davon reden, dass man Abstand voneinander halten soll. Das andere ist: Die Kolleginnen und Kollegen von der FPÖ haben heute hier schon so getan: Na ja, was ist denn das für eine Krankheit, die man durch einen Test nachweisen muss?
144797	0	0	Was haben Sie denn von den Zahlen? Was haben Sie davon, wenn Sie jetzt sagen, 0,9 Prozent, 1 Prozent waren zufällig positiv Getestete? Wir wissen, dass die Fehlerquo­te bei diesen Schnelltests extrem hoch ist und wahrscheinlich jeder dritte falsch positiv sein wird.
200369	2	2	Impfen ist der Weg zurück in unser altes Leben.
162814	0	0	Es gibt keinerlei evidenzbasierten Grund, jetzt einen dritten Lockdown zu machen.
161646	2	2	Zum elektronischen Impfpass möchte ich noch anmerken, dass es gut ist, dass das jetzt in Bewegung kommt.
160893	0	0	Es ist bekannt, dass Herr Ho gute Verbindungen in höchste Regie­rungskreise hat und auch immer sehr genau weiß, wann er seine Lokale auf- und zu­sperrt. Es wäre nicht das erste Mal, dass er uns sagt, wie lange ein Lockdown dauern wird, Herr Bundesminister. Während die Arbeitslosigkeit in jeder Woche des Lockdowns steigt, sinkt das Wirt­schaftswachstum in jeder Woche des Lockdowns, nämlich in etwa um 0,1 Prozent.
156562	2	1	Wir haben da so viele Vorschläge gehört. Pamela Rendi-Wagner – weil das heute oft angesprochen wurde – schlägt seit Mai vor, die Screeningprogramme auszuweiten, die Teststrategie zu verbessern, sensible Berufsgruppen proaktiv zu testen. Wir diskutieren das seit Mai , irgendwann im Jänner soll es – spät, aber doch – umgesetzt werden.
140947	0	1	Die Schulen sind ja auch schon in den vergangenen Monaten mit Geboten und Verboten überfrachtet worden: Abstand halten, Maske außerhalb der Klasse tragen, lüften – es gab noch nie so viele verkühlte Kinder wie jetzt aufgrund des vielen Lüftens  –, die Quarantäne immer als dunkle Wolke – soll alles sein, vielleicht bringt es etwas!
200321	2	1	Gerade beim Impfen finden wir uns seit Wochen immer in der vorderen Gruppe der EU-Staaten, das heißt, da wird sehr effizient gearbeitet.
183038	2	1	Ich halte das mit den ausgeweiteten Testbedingungen, die jetzt nicht nur in Vorarlberg erprobt werden, sondern bei denen wöchentlich, zumindest monatlich Fortschritte erzielt werden, für möglich, und ich glaube sehr wohl, dass neben den Teststraßen, den verschiedenen Testkonzepten, ob es sich um PCR- oder Antigentests handelt, dann auch Tests in Eigenanwendung eine große Rolle spielen können.
123386	0	0	Seitdem hat sich aber sehr viel getan: Mittlerweile hat uns die zweite Welle voll erwischt, und der Untätigkeit der Regierung ist es geschuldet, dass mit heutigem Tag der zweite, und zwar wirklich sehr harte, Lockdown in Kraft tritt.
145808	2	0	Obwohl die Tests in manchen Bundesländern noch nicht einmal begonnen haben, wissen Sie schon, dass sie ein Flop sind.
165201	1	1	Ja ganz im Ernst, mein Anspruch an einen Finanzminister ist schon, dass er es schafft, die Hilfen richtig zu beantragen. Es geht wirklich darum, wie mein Kollege Sepp Schellhorn schon ausgeführt hat: Während eines Lockdowns – das ist wichtig: nicht wenn kein Lockdown ist, sondern während eines Lockdowns – kann man sich natürlich auf den Katastrophenparagrafen beziehen. Wenn Sie jetzt wieder: Das geht nicht!, sagen – Sie telefonieren ja so gern mit Ihren dänischen Kollegen –, dann fragen Sie sie, weil die das nämlich zusammengebracht haben.
185271	2	0	Wir werden jeden Beitrag dazu leisten, dass die Menschen zu den Impfungen gehen.
184500	0	0	 Abgeordneter Hammer hat sich heute wieder ans Rednerpult gestellt und wieder darauf hingewiesen, dass freiheitliche Abgeordnete hier keine Masken tragen. Ich möchte noch einmal darauf hinweisen – vielleicht kann man das, Herr Klubobmann Wöginger, auch einmal in Ihrem Klub kommunizieren –: Es gab nun schon mehrere Besprechungen in der Präsidiale, in denen beschlossen worden ist, dass eben nicht mehr darüber gesprochen wird und dass auch nicht mehr politisch missbraucht wird, ob jemand Maske trägt oder nicht. Des Weiteren möchte ich noch darauf hinweisen: Präsident Sobotka hat hier um 104 000 Euro Steuergeld Glastrennwände einbauen lassen, damit die Abgeordneten während der Plenartage eben nicht den ganzen Tag mit der Maske hier sitzen müssen.
160526	2	2	Das ist machbar, wenn wir jetzt alles tun, um diese Pandemie gemeinsam durch Impfen und durch eine Teststrategie zu be­wältigen!
156752	2	2	Es gibt jetzt schon Berichte, dass ganz, ganz viele Menschen bei den Teststraßen sind und das tun wollen.
172720	2	0	Sie wissen, wir haben das auch immer wieder hervorgehoben: Selbstverständlich gilt es, die Hygienevorschriften einzuhalten, selbstverständlich gilt es, Abstand zu halten.
152574	0	0	Die Homeofficeregelungen haben nicht funktioniert, die Wirtschaftshilfen haben ewig lange nicht funktioniert, der Schulunterricht im Lockdown hat vielerorts nicht gut funktioniert , und das Budget war auch ein Reinfall.
159443	2	2	Weil immer die Rede davon ist, es wäre in der Entwicklung gehudelt worden und es wäre nicht genau geprüft worden: Denken Sie bitte daran, dass dieser Impfstoff der am drittbesten geprüfte überhaupt ist – nur die Impfstoffe gegen Pneumokokken beziehungsweise gegen Rotaviren hatten mehr Probanden! Wir sprechen beim ersten Impfstoff von 44 000 Probanden. Wenn ich mir das Bild in Erinnerung rufe, wie der Virologe Professor Wenisch geimpft wurde – dieses Zeichen der Erleichterung, das er nicht nur verbalisiert, sondern auch gezeigt hat, dass er weiters seither ein Impftagebuch führt und bisher ausschließlich gute Erfahrungen gemacht hat –, dann ist das ein wichtiges Zeichen.
151295	1	0	Sehr geschätzte Abgeordnete! Ich muss kurz auf das, was Ab­geordneter Saxinger und auch Frau Kollegin Pfurtscheller gesagt haben, replizieren: Das ist wirklich keine Heldentat der Bundesregierung, dass jetzt, fast ein Dreivierteljahr nach Beginn der Krise, erstmals für Risikogruppen und über 65-Jährige FFP2-Masken zur Verfügung gestellt werden. Das ist ein Armutszeugnis und ein Versäumnis und zeigt auf, dass diese staatliche Planwirtschaft, die mehr an die DDR-Zeiten erinnert als an einen modernen Staat, vollkommen danebengeht, dass die Maßnahmen zu spät erfolgen, zu gering sind, dafür aber massive Kosten verursachen, meine sehr geehrten Damen und Herren!
191041	2	0	Natürlich wurde freiwillig geimpft, 12 500 Leute haben sich freiwillig für eine Studie von Biontech/Pfizer gemeldet , für Erkenntnisse, die wir in der Zukunft brauchen, um zu wissen, wie diese Impfung auch wirklich wirkt und was zu tun ist.
191011	2	2	Meine sehr geehrten Damen und Herren, ich bin der Wissenschaft, aber auch der Industrie dankbar, dass es gelungen ist, Impfstoffe in dieser nicht vorauszuahnend kurzen Zeit bereitstellen zu können.
185114	2	0	– Ich erzähle das gerne, geschätzte Frau Belakowitsch. Wir haben erstmals in Österreich Ausreisetestungen durchgeführt. Am Beginn war dies eine sehr überraschende Situation für die Bevölkerung in Tirol.
156781	2	1	Man kann das zweimal wöchentlich machen, das haben Sie jetzt vorgeschlagen. Nach neun Monaten kommen Sie drauf, dass es da ein Problem gibt, und verpflichten die Alten- und Pflegeheime, dass sie diese Testungen durchführen. Jetzt halte ich das für richtig, die Frage ist nur, ob die entsprechenden Einrichtungen auch die notwendigen Ressourcen haben.
174823	2	0	Und den Betrieben werden – das beschließen wir ja heute auch – die Kosten dieser Tests, die sie in den Betrieben anbieten, auch ersetzt werden.
104521	0	0	Sie wissen genau, dass ein Impfstoff nach dieser Zeit in Wahrheit keinerlei Erprobung haben kann, die mit jener ir­gendwelcher anderen Impfstoffe vergleichbar wäre.
178124	2	1	Das eine ist – ich glaube, sehr positiv –, wir wollen mehr Präsenzlehre, mehr Präsenzprüfungen haben, und wir schaffen die rechtliche Voraussetzung, dass Rektorate gleichsam Eintrittstests beschließen dürfen.
200589	0	0	Denken Sie an, dass es zum Beispiel ein Anreiz für geimpfte Pädagoginnen und Pädagogen oder Schülerinnen und Schüler sein könnte, dass sie in dieser Gruppe, die immer gleich bleibt, von der Maskenpflicht im Unterricht befreit sind?
157856	0	0	Oder freut es Sie, wenn kleine Kinder mit Masken herumgehen müssen?
137465	0	0	Wir schmeißen Milliarden Euro in den medizinischen Bereich, aber wir haben jetzt zum zweiten Mal die Situation, dass der Lockdown zu einem Zeitpunkt kommt, an dem die Infektionswerte eigentlich schon wieder zurückgehen, und sei es nur ein paar Tage.
157020	1	0	Was hat die Bundesregierung gemacht? – Die Bundesregierung hat aus­schließlich Direktreisende mit Fiebermessern getestet, anstatt alle, auch jene, die über Drittstaaten eingereist sind, mit damals schon verfügbaren PCR-Tests zu testen. Jetzt hat man eine späte Einsicht – aber kein Wort der Einsicht in Ihren Stellungnahmen.
174699	2	2	Ich denke, das Testen und das Impfen sind ein Weg in Richtung mehr Normalität, daher: Gehen wir ihn gemeinsam!
174656	2	2	Zweitens haben Sie den E-Impfpass ja bis heute nicht wirklich umgesetzt, und bei über 10 Prozent der Impfungen wissen Sie – laut Website – nicht, wer geimpft wurde. Drittens lese ich heute in der „Kronen Zeitung“, dass nur ein Drittel der Geimpften über 75 Jahre alt ist, in Niederösterreich und Wien sind es sogar nur 20 Prozent. Die Bundesländer impfen also, wen sie wollen, weil Sie nicht kontrollieren können – aufgrund des unfertigen Gesetzes über den E-Impfpass – oder nicht kontrollieren wollen.
177404	0	0	Das ist doch einigermaßen erstaunlich, Herr Bundeskanzler, weil das ja im Klartext bedeutet, dass wir uns immer noch in der Testphase befinden, was ja bedeutet, dass wir immer noch im Trüben fischen, und das bedeutet, dass gar nichts so gesichert ist, wie Sie es der Bevölkerung immer erklären. Ich sage nur dazu: Das, was da über Pfizer gesagt wird, gilt für alle anderen Impfstoffe auch. Jetzt frage ich Sie, Herr Bundeskanzler – das ist meine erste Frage –: Wie können Sie denn vor dem Hintergrund dieses offenkundigen Nichtwissens, das da zugegeben wird, den Menschen im eigenen Land sagen, dass nur durch die Impfung im Sommer so etwas wie eine Rückkehr zur Normalität möglich ist?
144767	1	1	Ich zitiere aus der österreichi­schen Teststrategie des Gesundheitsministeriums – jeder kann sie auf der Homepage einsehen –, da steht: „Bei der Anwendung von Tests ist ein zielgerichtetes Vorgehen“ essenziell. „Testen ohne begründeten Verdacht erhöht außerdem die Anzahl falsch-positiver Ergebnisse“, daher sollten nur „folgende Personen [...] von der österreichischen Teststrategie erfasst“ sein: „symptomatische Personen“, das heißt also Personen, die Covid-19-Symptome aufweisen – klar –, „Kontaktpersonen“, also „alle engen Kontakt­personen“ von bestätigten Covid-19-Fällen und „Personen [...], die im Rahmen der“ frei­willigen „Screeningprogramme laut Epidemiegesetz getestet werden“. Das ist zum Bei­spiel „im Bereich der Versorgung von älteren Personen und Risikogruppen“ – vor allem in Altenheimen und Pflegeheimen –, Personen, die im Gesundheitswesen arbeiten, und „in sonstigen Einrichtungen und Betrieben, in denen es aufgrund einer erhöhten Risikosi­tuation zu [...] Infektionen kommen kann“.
147613	0	0	Ich werde während meines Redebeitrages live einen Coronatest durchführen, damit Sie sehen, wie wertlos und fehlgeleitet diese Massentestungen sind. Bei diesem Tagesordnungspunkt geht es aber nicht grundsätzlich um die Coronatests, sondern auch um die von uns Freiheitlichen eingebrachte Ministeranklage gegen Herrn Ge­sundheitsminister Anschober. Sehr geehrte Damen und Herren, im Zusammenhang mit der Ministeranklage sind Sie als Abgeordnete heute quasi die Geschworenen, links neben mir ist die Ministeranklagebank – auch wenn er nicht hier ist –, und die sehr geehrten Damen und Herren Zuseher zu Hause, die Österreicherinnen und Österreicher, sind die Zeugen.
194196	2	0	Auf Initiative der NEOS ist vor Ostern auch eine Regelung geschaffen worden, dass die Hochschulen jetzt Eintrittstests machen können, damit eben mehr Präsenzunterricht, Präsenzlehre möglich wird.
159644	2	2	Ein paar Beispiele dazu: Ich war heute wie fast jeden Tag in der Früh bei meiner 81-jährigen Mutter und habe ihr erzählt, dass wir heute Parlamentssitzung haben und dass Sie hier sind. Dann hat sie eher im Spaß gesagt – sie findet Sie übrigens sympathisch, das möchte ich auch gleich dazu sagen –: Frag doch bitte den Herrn Minister, wann ich denn endlich meine FFP2-Maske kriege! Da ich ein anständiger Sohn bin – und wahrscheinlich eine genauso anständige Tochter wäre –, mache ich das natürlich: Herr Minister, wann kriegt meine Mutter ihre FFP2-Maske?
190532	2	0	Wir möchten aber, dass jeder, der sich impfen lassen möchte, auch einen Impfstoff bekommt, und das haben Sie, Herr Bundesminister Blümel, durch Ihr Knausern, durch Ihr Sparen und durch Ihren Geiz verunmöglicht , und das ist das, was wir Ihnen hier vorhalten. Dann haben Sie es noch nicht einmal zugegeben , sondern was dann passiert ist, war , dass die übrig gebliebenen Impfdosen, die Österreich nicht gekauft hat, in der EU unter den Staaten, die bereit waren, dafür auch mehr Geld in die Hand zu nehmen, noch einmal weitergegeben worden sind. Dann tritt irgendwann der Bundeskanzler auf den Plan und sagt: Da ist die EU schuld!, aber die hat das gleich einmal zurückgewiesen.
180434	1	1	Wir haben schon einige Dringliche Anfragen gehabt, und, Herr Kollege Loacker, jetzt ganz ehrlich: Dazu, wie Sie diese Dringliche Anfrage vorgetragen haben, welche Fragen Sie gestellt haben, muss ich sagen: Wir haben hier im Hohen Haus schon wirklich bessere Dringliche Anfragen gehabt, und ich glaube, das ist eine sehr freundliche Bewertung, die ich jetzt gemacht habe. Bevor ich zum eigentlichen Thema, Impfstoffbeschaffung, komme, würde ich ganz gerne ein bissel auf die Rolle der Opposition und wie man mit Kontrollrechten umgeht, eingehen. Wir behandeln ja das Thema Impfstoffbeschaffung derzeit auch im Unterausschuss des Rechnungshofausschusses, in dem wir am 12. den Herrn Gesundheitsminister begrüßen dürfen.
191025	2	0	Ich verstehe diese Tiraden nicht – dass wir da so hinten liegen und die letzten Monate nichts gemacht haben –, und versuche nun, das mit den Daten des Robert-Koch-Institutes zu versachlichen und einen Blick über die Grenzen zu unseren Nachbarstaaten zu werfen und kurz ein paar Daten darzustellen. Derzeit ist circa 12 Prozent der Bevölkerung geimpft, nur als Beispiel. Deutschland  liegt bei 10,1, die Slowakei bei 10,6, Tschechien bei 10,1, die Schweiz bei 9, Italien bei 9,9, Slowenien bei 9,2 und Kroatien bei 7,6.
156375	2	1	Wir werden am 27. Dezember in ganz Europa zu impfen beginnen können  – natürlich zu Beginn aufgrund der Knappheit des Angebots noch eingeschränkt, aber in weiterer Folge doch mehr und mehr.
180490	1	1	Jetzt fordere ich von der Bundesregierung Mut und endlich einmal Ehrlichkeit gegenüber den Österreicherinnen und Österreichern ein, nämlich deswegen, weil der Herr Bundeskanzler einige Male in den Medien und auch hier verkündet hat, dass im Juni alle in Österreich geimpft sein werden. Jetzt muss mir einmal irgendwer von euch erklären, wie sich denn das ausgehen soll, wenn man 30 000 pro Tag impft und am 7. oder 8. Mai erst mit den über 65-Jährigen fertig ist! 1,1 Millionen sind bis jetzt geimpft, haben Sie heute gesagt, vom 27. Dezember bis zum heutigen Tag wurden 1,1 Millionen geimpft – also geht sich das nicht aus!
153820	1	0	Und das Letzte, Herr Brückl: Nicht alles, was in Zeitungen steht, muss man immer glau­ben, von einer Vorverlegung der Ferien ist nicht die Rede. Im Unterschied zum deut­schen Leopoldina-Papier, zu Deutschland, wo die Schulen ja alle in Betrieb waren und man gesagt hat: Machen wir ein bisschen früher Schluss!, haben wir einen Lockdown auch im schulischen Bereich 14 Tage lang schon erlebt. Ich sehe keine Notwendigkeit, die Ferien vorzuverlegen.
200194	1	1	Während die Bürger nämlich in der Elektronischen Gesundheitsakte selbst nachschauen können, wer wann auf ihre Daten zugegriffen hat, können sie das natürlich mit zusammengezogenen Daten im Bundesrechenzentrum nicht mehr machen – da sind die Bürger nicht mehr Herr und Herrin ihrer eigenen Daten. Es ist auch nicht klar, welche Antikörpertests beispielsweise anerkannt sind und welche nicht. Ich bringe daher folgenden Antrag ein:  Entschließungsantrag  der Abgeordneten Mag.
161371	1	1	Medizinische Fachzeitschriften haben im Nachhinein gesagt: Das, was Köstinger mit Mahrer fabriziert hat, ist ein Musterbeispiel dafür, wie man es nicht machen soll. Ich sage das deswegen so emotional, weil auf der einen Seite die Testressourcen für schwer kranke Menschen in den Pflegeheimen gefehlt haben und auf der anderen Seite Frau Köstinger und Herr Mahrer sich im Sommer in diesem Bereich wichtig gemacht haben und Sebastian Kurz gesagt hat: Das ist eine herausragende Teststrategie. – Das heißt, für schwer kranke Menschen haben wir die Ressourcen nicht gehabt, aber für Marketing für Mahrer und Köstinger waren die Ressourcen vorhanden – sinnloserweise.
145927	0	0	Der negative Höhepunkt ist wirklich diese Maskenpflicht im Unterricht, stundenlang, 6 bis 8 Stunden, das ist auch laut Bil­dungsminister unzumutbar, untragbar.
161943	2	1	Es geht um die Kostenübernahme und die Vorbereitung der Impfungen, damit das funktioniert, damit all jene, die das ma­chen wollen, einen vernünftigen Prozess vorfinden und die Gemeinden nicht auf ihren Kosten sitzenbleiben; nur, um diese Fakenews von der ÖVP einmal zu entkräften.
179862	0	0	Zurück zum konkreten Inhalt: Schauen wir einmal kurz zurück! Hätten wir den Diskurs zum Thema Impfung hier vor einem Jahr geführt, hätte wahrscheinlich jeder gesagt – da werden Sie mir recht geben, Herr Kollege Loacker –: Völlige Illusion! Was redet ihr von einer Impfung?
105434	0	0	Schuldirektoren, die mit ihren Schülern Zwangs­testungen durchführen lassen wollen, obwohl das nicht möglich ist, obwohl sie das nicht veranlassen dürfen ; Bundesminister Faßmann, der Massentests und Screenings an den Schu­len anordnet, wobei den Schülern ganz bewusst suggeriert wird, sie müssten daran teil­nehmen, obwohl das nicht stimmt!
151275	2	1	Das ist einfach ein wichtiger Beitrag, um die Ansteckungsgefahr in dieser Al­tersgruppe etwas einzudämmen. Wenn wir jetzt schon über das Maskentragen reden, dann komme ich natürlich gleich auch zu dem Thema Tests und zu dem Thema Coronaapp. Ich möchte hier an dieser Stelle noch einmal Werbung für die Coronaapp machen.
159568	2	0	Die Impfung – auch wenn Sie noch so oft sagen, es gibt einen Impfzwang oder etwas dergleichen – ist natürlich auch weiterhin freiwillig.
174605	2	1	Eine Kernaussage zu den Impfstoffen: Die drei bisher in Europa zugelassenen Impfstoffe wirken alle sicher und zuverlässig und schützen alle bei den hierzulande vorherrschenden Virusarten vor schweren Krankheitsverläufen.
193870	0	0	Kompletter Lockdown hieße aber zum Beispiel auch Schließung der Schulen, was wiederum enorme psychosoziale Herausforderungen darstellt.
128675	1	1	– Exakt so geht es nämlich einer Milliarde Afrikanerinnen und Afrikanern. Sie alle haben keinen Zugang zu ihrem kulturellen Erbe, zu ihren spektakulären Masken, zu mystischen Figuren, zu einzigartigen Alltags­gegen­ständen – ganz im Gegenteil zu europäischen Künstlern und Architekten, die sich von der Ausdruckskraft und der Formensprache inspirieren lassen konnten und können. Was in Afrika geraubt oder abgepresst wurde, hat in Europa zum Beispiel Le Corbusier zu wirklich außergewöhnlichen Bauten beflügelt; das war der Grundstein für Picassos afrikanische Phase; es war die Initialzündung für den Kubismus.
193786	2	1	Denken Sie an die Situation im Jänner, da hat es geheißen: Wir kriegen Impfstoff!, aber es gab immer mehr Verzögerungen.
39180	1	1	Der Antrag hat folgenden Gesamtwortlaut: der Abgeordneten Nina Tomaselli, Karlheinz Kopf Kolleginnen und Kollegen betreffend ein Bundesgesetz mit dem die Zahlung von Staatshilfen anlässlich der COVID-19-Krise an Unternehmen mit Sitz in Steueroasen verboten wird eingebracht im Zuge der Debatte über den Bericht des Ausschusses für Wirtschaft, Industrie und Energie über den Bericht über die Situation und Entwicklung kleiner und mittlerer Unternehmen der österreichischen Wirtschaft , vorge­legt von der Bundesministerin für Digitalisierung und Wirtschaftsstandort   Corona verändert Österreich. Seit 16.3.2020 befindet sich Österreich im Lock-Down. Es wird alles daran gesetzt um das Gesundheitssystem aufrecht zu erhalten.
159265	2	1	Die Informationen zu den Impfmöglichkeiten für die jeweiligen Zielgruppen werden laufend aktualisiert.
190475	2	1	–; sie alle sind erweitert worden. Ein Wort zu dem Artikel im „Spiegel“ – weil Kollege Leichtfried darüber gesprochen hat, dass in Deutschland veröffentlicht worden ist, wir bekommen aus dem zusätzlichen Kontingent keine Impfdosen –: Dazu muss man auch sagen, dass das in diesem Artikel damit begründet ist, dass wir bei den Impfungen und auch bei der Versorgung mit Impfstoff im Durchschnitt liegen. Das ist die Wahrheit, und nicht, dass wir zu wenig haben – obwohl wir gerne mehr hätten.
180922	2	0	Wenn im Gesundheitsausschuss von einer bestimmten Partei – es ist leider immer die gleiche – die Impfung als riesiger Feldversuch geschildert wird , bezeichne ich das als Wahnsinn, oder wenn Klubobmann Kickl – er ist jetzt leider nicht im Saal – am 6. März sagt – ich zitiere –: „Wir alle haben ein intaktes Immunsystem, und ein intaktes Immunsystem macht den Menschen stark gegen jede Art von Virus und all die Mutationen, die jetzt von“ irgendwelchen Leuten plötzlich entdeckt werden.
200405	2	0	Wir schaffen freie Testkapazitäten, indem wir beschließen, dass Personen, die vor mindestens drei Wochen geimpft wurden, sich nicht mehr testen lassen müssen.
168423	0	0	Sie reden hier ausschließlich von Rechtsextremen, von Rändern der Gesellschaft. – Das finde ich ungeheuerlich als Bezeichnung für all diese Menschen , für die Tausenden, die da auf die Straße gehen, von denen ich mit so vielen gesprochen habe: Familien, Eltern, die sich große Sorgen um ihre Kinder machen, Unternehmer, denen die Existenz entzogen wurde, alte Menschen, die sich gegen das Social Distancing wehren, und so weiter. Die alle verunglimpfen und verleumden Sie und das ist zutiefst undemokratisch!
42411	1	0	Schülerinnen und Schüler brauchen das ge­meinsame Erleben, die Schule als Ort der sozialen Interaktion, vor allem nach dieser langen Phase des Homeschoolings, die auch den Familien sehr viel abverlangt hat. Meine sehr geehrten Damen und Herren, Entscheidungen in einer solchen Ausnahme­situation sind trotz sorgfältiger Abwägung sicherlich nicht leicht zu treffen, gerade wenn unterschiedliche Bedürfnisse wie Social Distancing und der Wunsch nach Bildung ein­ander gegenüberstehen. Ich habe größtes Vertrauen, dass unsere Bundesregierung unter steter Abwägung aller Vor- und Nachteile auch weiterhin die richtigen Maßnahmen setzen und hinsichtlich al­ler Risikogruppen für die wichtigen, gesetzlichen Regelungen sorgen wird.
159720	2	2	Die beiden jetzt zugelassenen Impfstoffe schützen zu etwa 95 Prozent vor einer Covid-19-Erkrankung , vor einer schweren Erkrankung sogar zu einem noch höheren Prozentsatz.
194538	2	1	Zusammengefasst noch einmal: Freiwillige HelferInnen in Teststraßen und Impfstraßen werden mit diesem heutigen Beschluss gleichgestellt.
183030	2	1	*****  Die schriftlich eingebrachte Anfrage, 46/M, hat folgenden Wortlaut:  „Welche Schritte werden Sie setzen, damit Antigen-Tests zur Eigenanwendung, die direkt vor Ort vor Veranstaltungsbeginn durchgeführt werden, anerkannt werden, um eine möglichst frühe, gefahrenlose Öffnung des Kulturbetriebes zu ermöglichen?“
157243	2	0	Ich frage mich daher: Warum gibt es keine flächendeckende Teststrategie an den Schulen? Warum gibt es kein Sicherheitskonzept, das über Lüften und Maskentragen hinausgeht? Warum dürfen die Kinder mit ihren Freunden Ski fahren gehen, in die Schule aber dürfen sie nicht gehen?
161844	2	2	Viele Betriebe haben auch schon angekündigt, dass sie dann auch beim flächendeckenden Impfen mithelfen wollen und auch in den Betrieben – diese Teststraßen würden ja geradezu ideal dafür fortgesetzt verwendet werden können – diese Strategie unterstützen werden.
159621	2	0	Setzen wir uns zusammen! Wir haben Ihnen vor Wochen die Hand gereicht, was eine Impfallianz angeht. Sie haben sie nicht angenommen, sondern haben im stillen Kämmerlein dieses Fiasko verursacht, in dem wir jetzt sind.
104491	1	0	– Nein. Produzieren wir deshalb einen Lockdown? – Nein.
156772	2	1	Das Zweite, bei dem Sie unsere volle Unterstützung haben, ist, wenn es um Tests geht, insbesondere für jene Berufsgruppen, die nahe an Risikogruppen sind, die im Dienst­leistungsbereich sind, wo sie nahe an anderen Menschen sind.
200202	2	2	Dafür brauchen wir aber einen niederschwelligen Zugang. Wir können ja die Impfstraßen nicht auf alle Zeiten aufrechterhalten. Das heißt, man muss die Strukturen so aufbauen, dass die Menschen jederzeit leicht Zugang zu einer Impfung haben.
36255	0	0	Sie versuchen, ein bisschen etwas auszuprobieren, aber gleichzeitig sagen Sie den Österreicherinnen und Österreichern permanent: Das ist alles ganz, ganz wichtig; das ist alles ganz, ganz gefährlich, und darum müsst ihr alle Masken tragen!
161453	0	0	Wenn nicht einmal die eigenen Experten im nächsten Prognosezeitraum eine kritische Situation im österreichischen Gesundheitswesen sehen und die Bundesregierung trotz­dem den Lockdown verlängert, die Schulen weiter zusperren möchte – und das, obwohl das epidemiologisch nach den eigenen Expertenpapieren gar nicht gerechtfertigt ist –, dann ist das gesetzlich durch das Epidemiegesetz nicht gedeckt, dann ist diese Verord­nung rechtswidrig.
174469	2	1	Wir sind mittlerweile bei über 900 Apotheken in ganz Österreich, die diese Gratistestungen durchführen.
180086	1	1	Von daher hat es also derartige Vorgespräche, aber ohne entsprechende Absicherungen und Verankerungen, gegeben. Unser Gesprächsstand war und ist immer der, dass wir uns Mitte des heurigen Jahres zusammensetzen und dann, wenn wir durch sind, schauen, wie viel Impfstoff übrig bleibt, und den kann man dann sinnvollerweise weiterverkaufen. Wir haben ja nichts davon, wenn wir ihn nicht brauchen.
151824	2	1	Dazu gehören Schmerzen an der Einstichstelle, Müdigkeit, leichtes Fieber, alles nur kurzzeitig für ein bis zwei Tage. Die Covid-Impfstoffe zeigen eine hohe Schutzwirkung, zwischen 70 und 90 Prozent, das heißt, diese Impfreaktionen können auftreten und wer­den auch auftreten. Das zeigt aber nur, dass das Immunsystem reagiert, und das ist positiv.
179938	2	0	Ich hoffe, wir brauchen die nicht mehr prioritär, weil wir im erstem Halbjahr durch sind. Das hängt natürlich von der Impfbeteiligung ab. Steigt sie überraschenderweise auf 85, 90 Prozent, wäre das, glaube ich, eine Sensation – ich glaube, das würden wir alle so einschätzen –, das wäre aber gut, ich würde mich darüber freuen, und auch dann haben wir im dritten Quartal ausreichend Impfstoff für diese Situation vorbereitet.
45689	0	0	Man durfte auch nicht mehr sagen, dass es vielleicht nicht das Beste ist, nur stur auf die Zahl der Co­ronatoten zu schauen, sondern dass man vielleicht auch an die Opfer des Lockdowns denken muss und dass es da vielleicht zu einer Bilanz kommt, in der wir mehr Tote haben.
134514	0	0	Schulstufe, und drei Lehrer pro Klasse bekommen dann gnädigerweise auch noch einen. Wir wissen aber schon aus der ersten Phase des Lockdowns, dass es 140 000 Kinder gibt, die kein eigenes Endgerät zu Hause haben. Was findet sich noch im Budget?
161885	0	0	Geschätzte Damen und Herren! Es gibt ein Sprichwort: Mir geht das Geimpfte auf! – Das passt sehr gut, und es ist mir in den letzten Tagen auch oft aufgegangen.
180315	2	1	Ich glaube nicht, dass Sie das behaupten können! Es gibt dann von den Landesregierungen fast Hilferufe, zum Beispiel vom Oberösterreichischen Landtag, wo auf Initiative der ÖVP-FPÖ-Regierung eine Resolution zur Stärkung des Gesundheitsdienstes erlassen worden ist, der ja in das Impfwesen auch ganz wesentlich miteingebunden ist. Jeder zusätzliche Amtsarzt, der systematisch impft, wäre natürlich eine große Hilfe gewesen.
190664	2	0	Auch wenn er das verdoppelt und 14 Impfdosen pro Woche kriegt, führt das nirgendwo hin und wir werden 2024 noch nicht mit dem Impfen fertig sein. Ich sage Ihnen etwas: Wenn die Regierung bis zum Sommer, sagen wir, zwei Drittel der Menschen geimpft haben will, wenn das das Ziel ist, dann müssen bis zum Juni am Tag ungefähr 50 000 Erstimpfungen – nur Erstimpfungen! – verabreicht werden.
163063	2	2	Ein Ausblick auf die nächsten Wochen und Monate: Wenn die Gesundheitskrise dank der Impfung endlich überwunden sein wird, wenn die Wirtschaft wieder wird hochfahren können und es tatsächlich zu einem ökonomischen Aufschwung kommen wird, wird die zentrale Aufgabe sein, nachhaltig Beschäftigung zu schaffen, die allerdings nicht nur – unter Anführungszeichen – „Arbeit“, sondern vor allem auch gute Arbeit ist.
190317	1	1	Also diese Malteser, die müssen es draufhaben, geschätzte Kolleginnen und Kollegen! Seit dem Sommer war es aber absehbar, dass da irgendetwas passiert: Neun Mal war die Impfkampagne Thema im Ministerrat. Es gibt so ein Gremium, in dem die Kabinettchefs drinnen sind, das dreimal in der Woche tagt – also 30 Sitzungen seither.
44005	1	1	Vorgaben zu Abstandsregeln, 2. Verpflichtungen zum Tragen einer mechanischen Mund-Nasen-Schutzvorrichtung, 3. Beschränkung der Teilnehmerzahl, 4.
151323	2	0	Testen unter­bricht die Infektionskette, testen kann Leben retten. Wir haben nun eine verstärkte Test­strategie und bereiten die Impfstrategie vor. Dazu ist natürlich eine Ausweitung des Per­sonals und der Berechtigungen vonnöten und mit dieser Novelle schaffen wir eben die Voraussetzungen dafür.
36366	1	0	Man glaubt jetzt, man habe Daten. Schaut man sich die Tabellen an, sieht man, dass an einem Tag auf einmal 30 000 PCR-Tests dazugekommen sind. Es ist kein Wunder, dass die Bürger dem, was Sie veröffentlichen, nicht mehr glauben.
166487	1	0	Ich will es Ihnen noch einmal verdeutlichen: Bislang ist es so gewesen, dass alle Covid-19-Schnelltests ausschließlich zur Anwendung durch medizinisches Fachpersonal zugelassen waren, deshalb natürlich auch nur an entsprechende Personen und mit entsprechender Aufklärung weiterverkauft wurden und eine Bewerbung bei Laien gesetzlich nicht möglich war. Mit den Gesetzesänderungen, die Sie hier planen, kann jeder chinesische Konzern, jede internationale Handelsfirma direkt auf Konsumentenjagd, direkt auf Konsumentenfang durch Werbung beim österreichischen Bürger gehen, und Tests, die gerade einmal die gesetzlichen Mindestanforderungen erfüllen, aber definitiv weit von den Qualitätsstandards entfernt sind, die wir für unser Gesundheitssystem haben wollen, direkt an die österreichischen Konsumenten vertreiben. Was das Nächste oder die darüber hinausgehende Katastrophe ist: Jetzt haben wir letzte Woche beschlossen, dass unsere Bürger, wenn sie zu Hause den Test zur Selbstanwendung durchführen, im Fall eines positiven Ergebnisses sofort die Gesundheitsbehörden informieren müssen und sich in eine 48-stündige Quarantäne begeben müssen.
33970	2	0	Ich wünsche den Forschern und Forscherinnen, die gerade im Bereich der Therapeutika und der Impfstoffe im Zusammenhang mit dem Coronavirus tätig sind, alles Gute, viel Erfolg, denn letztlich, glaube ich, werden wir diese Coronakrise nur durch neue Thera­peutika und Impfstoffe bewältigen können.
152125	2	1	Insofern ist es für mich als Arbeits- und Familienministerin wichtig, dazuzusagen, dass es kein erhöhtes Risiko gibt, wenn die Schutzmaßnahmen eingehalten werden können: der 1-Meter-Abstand, die Hygienemaßnahmen oder auch das Tragen des Mund-Nasen-Schutzes.
111783	0	0	Sie wissen, welche fatalen Folgen dieser Lockdown für die Wirtschaft und vor allem für die gesamte österreichische Bevölkerung haben würde.
49008	0	0	Diese Maskenpflicht ist Ihr Symbol der Angst.
147521	1	1	Daher fordern wir eine Gleich­stellung, und ich werde im Anschluss einen Abänderungsantrag dazu einbringen. Im Bereich Wohnen hat es während der Krise des ersten Lockdowns geheißen, es gibt Menschen, die ihre Miete nicht bezahlen können. Diese Menschen mussten ihre Miete nicht gleich bezahlen, sondern hatten bis Ende Dezember, also bis Ende dieses Monats, dafür Zeit, plus 4 Prozent Verzugszinsen.
185446	1	2	Das wäre zum Beispiel ein Schritt, um Langzeitarbeitslosen einen Job zu geben! So wie es ausschaut, sind die Testungen gekommen, um zu bleiben, denn ich gehe davon aus, dass wir, wenn die Impfgeschwindigkeit so weitergeht, dann noch jahrelang werden testen müssen. Daher wäre es aus unserer Sicht auch notwendig, dass Tests zur Eigenanwendung, die wir ja immer wieder vorgeschlagen haben, auch als Zutrittstests gelten sollen, gerade nach den Lockdowns in Ostösterreich.
174335	2	1	Sie haben trotz immenser Unsicherheiten Unglaubliches geleistet. Sie haben uns und ihre KlientInnen mit Maske durch die Krise begleitet. Ihr Einsatz ist sicherlich keine Selbstverständlichkeit.
104512	0	0	Sie aber haben alles zu einer Glaubensfrage erklärt, und Sie sind unglaublich borniert und unglaublich ignorant bei allen Meinungen, die nur einen Nachteil haben, nämlich den, nicht die Ihren zu sein – ansonsten können sie fun­diert sein, wie sie wollen. Nehmen Sie die Maskenfrage: Es ist doch überhaupt nicht unbestritten, dass das Tragen von Masken einen wirklichen Schutzbeitrag liefert. Nein, darüber gibt es eine wissen­schaftliche Kontroverse.
191036	2	2	76 Prozent der SchwazerInnen haben sich impfen lassen – und da geht es weniger um Impfneid, sondern wir haben mit einer klaren Teststrategie und mit einer Impfstrategie geschafft, die Ausbreitung der weit gefährlicheren südafrikanischen Mutation einzugrenzen, einzudämmen und zu schauen, dass wir sie unter Kontrolle behalten.
198559	2	1	Das tun wir: Wir wiederholen heute die neuerliche Aufstockung der Überbrückungsfinanzierung für selbstständige Künstlerinnen und Künstler mit 20 Millionen Euro auf mittlerweile 140 Millionen Euro. Wir wiederholen eine unbürokratische Unterstützung, wir wiederholen eine rasche Überweisung, wir wiederholen einen neuerlichen Lockdownbonus für März und April, und wir wiederholen ein tiefes Bekenntnis zur Wichtigkeit von Kunst und Kultur in und für Österreich. Abgesehen von der Überbrückungsfinanzierung für selbständige Künstlerinnen und Künstler haben wir auch schon viele andere Unterstützungsmaßnahmen wiederholt verlängert: den Fonds des KSVF, den Härtefallfonds, die Kurzarbeit, den Umsatzersatz, die Unterstützung für gemeinnützige Vereine in Kunst und Kultur, für Produktionen in Film und TV, die Senkung der Mehrwertsteuer auf 5 Prozent.
65250	0	0	Die Herrschaft der Maske darf nicht Gewohnheit werden.
36373	2	2	Wir wissen, es gibt die Gefahr eines Wiederaufflammens der Infektionen, dem könnte man mit einer systematischen Teststrategie begegnen. Systematisch würde bedeuten, dass es in verschiedenen Regionen strukturierte, repräsentative Testungen gibt, um neue Herde sofort zu erkennen und damit man auch regional einschreiten kann. Die Daten müssten in Echtzeit erfasst werden und im Hintergrund müssten Algorithmen laufen, die erkennen, wo sich Muster ergeben.
172673	0	0	Herr Bundesminister, wir haben eine an Sie gerichtete parlamentarische Anfrage in schriftlicher Form eingebracht, und wir wollten wissen, auf welche Rechtsgrundlage Sie sich bei der Erlassung der Verordnung zur sogenannten Maskenpflicht an unseren Schulen stützen.
49003	0	0	Sie nötigen Kinder, Schulkinder, die Masken zu tragen, obwohl das nicht nur kontraproduktiv und medizinisch sinnlos ist, sondern in vielen Fällen auch gefähr­lich ist.
121547	0	0	Vielleicht nur ganz kurz zu Kollegin Kucharowits, weil sie gesagt hat, Gestik und Mimik seien auch wichtig: Absolut, aber es ist jetzt mit den Masken ohnehin schon fast nicht mehr möglich, irgendeine Mimik zu erkennen; bei Präsident Sobotka weiß ich auch nicht, ob er unter seiner Maske jetzt lacht oder ob er sich gerade kränkt.
193589	0	0	Jetzt verstehe ich Sie nicht: Zum Thema Lockdown gibt es doch internationale Koryphäen, da gibt es doch Leute, deren wissenschaftliches Curriculum umfassender, gewichtiger und länger ist als das der gesamten Bundesregierung und ihrer Experten zusammen, und diese Leute haben Ihnen doch längst unter Beweis gestellt, dass ein Lockdown kontraproduktiv und schädlich für Jung und Alt, für alle Teile der Gesellschaft ist.
159486	0	0	Und jetzt bin ich beim Impfen, meine sehr geehrten Damen und Herren, das ist überhaupt das Beste. Mit dem Impfchaos, mit diesem Herumgewurschtle, das Sie da vom ersten Tag an sozusagen zur Schau stellen, haben Sie das Kunststück zustande gebracht, all diejenigen, die jetzt nach genauer Beobachtung Ihrer Aktivitäten zur Erkenntnis gekommen sind, Sie können es einfach nicht, Sie schaffen dieses Management nicht, nicht nur nicht zu widerzulegen, sondern in der Kritik zu bestätigen. Gleichzeitig haben Sie diejenigen, die der Impfung noch etwas Positives abgewinnen können, auch noch vor den Kopf gestoßen.
60620	2	0	Es wird jetzt damit begonnen, Coronatests in fünf Regionen Österreichs zu machen.
180694	2	2	Noch schlimmer ist aber, dass Menschen mit Behinderung, die nachträglich in die erste Impfphase aufgenommen wurden, weil man erst nach Aufforderung erkannt hat, dass auch diese Menschen besonders gefährdet sind, in der Steiermark auf Mai vertröstet werden.
184632	2	1	Wir bringen heute einen Abänderungsantrag zur Erweiterung der Testbefugnis für ÄrztInnen mit Hausapotheken im niedergelassenen Bereich ein. Bisher war es so: Die Apotheken durften Tests bei asymptomatischen Personen durchführen. Das wird geändert, jetzt soll eben diese Befugnis erweitert werden.
200402	2	1	Wir hatten bereits Ende April über 2 Millionen Menschen, die die erste Teilimpfung bekommen haben. Diese müssen sich dann, nämlich ab 19. Mai, nicht mehr testen lassen, weil der Impfschutz hergestellt ist. Das schafft einen enormen Freiraum um den 19. Mai herum, wo wir enorme Testkapazitäten brauchen werden für diejenigen, die sich zum Beispiel nicht impfen lassen können oder das nicht wollen.
139183	1	1	Hoffent­lich kommt er nächste Woche und hoffentlich funktioniert er auch. Umsatzersatz, das nächste Tool: Ja, ich bleibe da wirklich bei meiner Einschätzung, dass dieses Instrument für Zeiten des Lockdowns falsch aufgesetzt ist. Während des Lockdowns gibt es ein Tool, das viel besser geeignet ist, ein Instrument, das eben diesen Mantel der Katastrophenhilfe hat.
190936	1	1	Sie machen aber lieber Inserate über Inserate – der Bundeskanzler muss gut ausschauen. Und jetzt gibt es dieses Impfchaos! Es zeigt, dass dieser kleine Untersuchungsausschuss wichtiger denn je ist, weil in dieser Krise von Ihrer Seite einfach nichts weitergeht.
185080	0	1	Ein weiteres Thema wurde im Gesundheitsausschuss und auch heute hier schon heftig diskutiert, nämlich die Frage, welche Vorteile Geimpfte, Getestete oder Personen mit überstandenen Infekten haben sollen – dies im Zusammenhang mit dem grünen Pass, der in den nächsten Monaten auch als Eintrittspforte für Reisen gelten soll.
190909	0	2	Dabei wird man wirklich das Gefühl nicht los, wie es Kollege Loacker gesagt hat, es geht Ihnen darum, das zu verlängern, um möglichst lange Förderungen zu vergeben und die Bevölkerung vom Staat abhängig zu machen. Sie haben uns gesagt, der Lockdown – ich glaube, der softe Lockdown, haben Sie gesagt – kostet100 Millionen Euro pro Tag, das sind 700 Millionen Euro pro Woche. Das heißt, mit dem Geld, das wir uns durch die Vermeidung eines soften Lockdowns ersparen könnten, hätten wir ohne Problem den Impfstoff, den Israel hat, finanzieren können und wären damit wesentlich weiter gewesen.
161374	1	1	Wir alle müssen daraus lernen und schauen, dass wir diesen Fehler nicht noch einmal machen. Jetzt brauchen wir eben die Testungen für Berufsgruppen. Es ist doch ein Wahnsinn – bitte stellt euch das vor!
185325	0	1	Sie wissen das: am 21. März laut WHO-Statistik genau null Todesfälle, genau null; Israel genau am selben Tag: elf Todesfälle, obwohl mehr als zwei Drittel der Bevölkerung durchgeimpft waren und die Herdenimmunität eigentlich gegeben sein müsste; und wir in Österreich hatten bedauerlicherweise 22 Tote.
166538	2	1	Wir sagen, spezifische Berufsgruppen, Menschen, die viel Kontakt mit anderen Menschen haben, müssen getestet werden, müssen kostenlose Tests bekommen.
157764	2	2	Zur Frage 34:  Solche Einrichtungen sind Teil der Impfstrategie, die bereits vom Gesundheits­minis­terium veröffentlicht wurde. Zu den Fragen 35 bis 40:  Eine allgemeine Pflicht zur Impfung gegen Sars-Cov-2 oder zu Impfungen im Allge­meinen ist, wie vielfach betont, nicht geplant. Zu den Fragen 41 und 42:  Aufgrund der heutigen Zulassung der ersten Covid-19-Impfung durch die EMA wurde diese in die Verordnung über empfohlene Impfungen aufgenommen.
159239	2	2	Es ist wichtig, dass vor allem jene Gruppen zuerst geimpft werden, die bei einer Infektion einem erhöhten gesundheitlichen Risiko ausgesetzt sein würden und ein höheres Ansteckungsrisiko haben. Bei der Logistik ist zu beachten, dass sowohl die zweite Dosis des Impfstoffes vorhanden sein muss, und zwar zeitgerecht nach drei Wochen, als auch Kühlketten bis zum Verimpfen eingehalten werden müssen, um einen eventuellen Verwurf zu vermeiden. In der Impfstrategie und Logistik wurden diese Faktoren berücksichtigt.
156662	0	0	Da steht nämlich schwarz auf weiß drinnen, dass diese Massentests, in denen Sie jetzt ein Allheilmittel sehen, kontraproduktiv und sinnlos sind.
190990	2	0	Wir haben uns dazu committet, da mitzuziehen und natürlich – „Koste es, was es wolle“ – das nötige Geld auch in die Hand zu nehmen. Man darf eines nicht vergessen, und das kann jeder nachrechnen: Allein mit den ursprünglich geschätzten 200 Millionen Euro wäre man immer noch auf etwa 15 Millionen Dosen gekommen, hätte man ausschließlich den nunmehr teureren Impfstoff gekauft, das heißt, auf viel mehr, als notwendig ist, um die gesamte impfbare Bevölkerung in Österreich zu immunisieren. Es war nicht bekannt, wann welche Firma wie liefern kann.
183620	2	0	Die zwei wichtigsten Mittel für die Öffnung der Kultur sind natürlich Tests und die Impfung.
162316	1	0	Jeder kann nachschauen. Da steht: „Aktuell werden keine kostenlosen flächendeckenden Antigen-Schnelltests in der Steiermark angeboten.“  Wenn das nicht stimmt, dann müsst ihr euch mit dem Land Steiermark auseinander­setzen, dass man die Falschinformation, dass man das nicht anbietet, an seine Bürgerin­nen und Bürger in der Steiermark verbreitet, aber bitte nicht da rausgehen und sagen, dass ein Abgeordneter eine falsche Behauptung aufgestellt hat. 
43975	0	0	Das ist das Ziel, weswegen wir in den letzten Wochen all das gemacht haben, und jetzt geht es darum, wie wir aus die­ser Situation herauskommen. Wie kommen wir heraus aus dem Lockdown? Wie kommen wir hin in Richtung dieser Normalität, von der wir ja alle sprechen?
159881	1	1	– Ich sage Ihnen eines: Wenn Sie mir ein E-Mail schreiben, schreiben Sie mir ein Projekt hinein, das dieser Minister in zwölf Monaten Amtszeit auf die Reihe bekommen hat, ein einziges Projekt, bitte! Er veranstaltet das Impfchaos und sagt: Wir impfen erst ab 12. Jänner!, und dann gibt es einen Impfgipfel, da sitzen Kurz und sein Büro und Anschober und sein Büro, und sie machen aus: Okay, wir ziehen den Impfstart vor.
193595	0	1	Das Zweite ist das Thema impfen: Ja, auch Impfen ist leider nicht dieses gefahrlose Ticket in eine Welt, in der dann alle gesund sind.
151200	2	2	Die Zah­len sind glücklicherweise, wie erwartet, etwas zurückgegangen, aber leider noch immer auf einem zu hohen Niveau. Neben den bewährten und schon bekannten Maßnahmen liegt jetzt ein besonderer Fo­kus auf den Testungen. Es ist geplant, in den Alten- und Pflegeheimen regelmäßig zu testen, das Gleiche gilt auch für die Spitäler.
153128	1	1	Die reale Sportwelt kann zum Schaden der Vereine derzeit leider nicht mit körperlicher Anwesenheit verfolgt werden. Durch den Lockdown sind aber im Userbereich, im vir­tuellen Raum die Zahlen in die Höhe gegangen. Die Nutzungshäufigkeit und die Dauer sind gestiegen, und vor allem junge Menschen nutzen diese Angebote.
123202	0	0	Zur Erinnerung: Dieser totale Lockdown ist derjenige, von dem uns die Vertreter dieser Bundesregierung erklärt haben, dass er gar nicht möglich ist. Der Herr Gesund­heits­minister hört heute noch die Enten quaken, seit damals, als wir diesen Lockdown in den Raum gestellt haben. Ich rede von dem Lockdown, der gerade jetzt kommt, wo die Infektionszahlen, mit denen Sie tagein tagaus die österreichische Bevölkerung bombardieren – nach dem Motto: unsere tägliche Pressekonferenz gib uns heute!
200196	2	0	Gerald Loacker, Kolleginnen und Kollegen betreffend „Einbindung von Antikörpertests in den ‚Grünen Pass‘“  Der Nationalrat wolle beschließen:  „Der Bundesminister für Soziales, Gesundheit, Pflege und Konsumentenschutz wird aufgefordert, rechtsverbindlich klarzustellen, welche Antikörpertests im Rahmen des ‚Grünen Passes‘ gültig sind und auf welcher Plattform die Antikörpertests von durchführenden Einrichtungen zur Nachvollziehung eines Immunitätsstatus eingemeldet werden sollen.“  *****  Mit diesem Gesetz bekommt der Gesundheitsminister wieder gewaltige Verordnungsermächtigungen.
131577	2	1	Es geht um die Minimierung von Kontakten, wir tragen Masken, wir halten Abstand, wir waschen uns öfter als normalerweise die Hände – und das ist auch gut so, denn ge­meinsam können wir das schaffen.
161478	1	1	Worum geht es denn eigentlich? – Wir haben gestern lange über das Thema Impfen diskutiert. Wir alle wissen, wie das mit dem Impfen funk­tioniert.
174675	2	1	Auch diese sogenannten Wohnzimmertests – sie wurden heute ja schon mehrfach erwähnt –, die Nasenvorhoftests, wie sie heißen, für den privaten Bereich halte ich für eine wichtige Ergänzung.
33213	2	1	Gleichzeitig aber nicht dafür Sorge zu tragen, dass niedergelassene Ärzte in Österreich und auch Pflegepersonal flächendeckend ausreichend mit den entsprechenden höher klassifizierten Schutzmasken ausgerüstet werden, das ist fahrlässig, meine sehr geehrten Damen und Herren!
161893	2	1	Liebe Frau Kollegin, es gibt nur einen Weg aus dem Ganzen – Impfen und/oder Testen ‑, etwas anderes gibt es nicht.
159497	0	0	Das ist die Testapartheid, und da ist auch die SPÖ mit dabei, und Frau Rendi-Wagner – und jetzt bin ich bei der Impfung – agiert im Zusammenhang mit den Impfungen, die auf eine Zwangsimpfung hinauslaufen, schon fast wie ein Impfregierungssprecher, ja wie eine Sprecherin der Pharmaindustrie, möchte ich fast sagen.
163834	1	0	Diese Mängel im System müssen schonungslos aufgezeigt werden. Man sieht das gerade jetzt, wenn man sich das Krisenmanagement anschaut, bei dem man die führende Rolle des Bundes in den Bereichen Coronaampel oder Impfungen, aber auch, wenn es um die Tests geht, nicht sieht. Es sind diese Mängel, die gerade in Zeiten einer Krise wie der Coronakrise schonungslos sichtbar werden.
145700	0	0	Wo liegt der Sinn, dass die Kinder während des Unterrichts Masken tragen müssen?
43261	2	1	 Ich darf, da den Medien ja oft misstraut wird, für die vier Kollegen der Freiheitlichen Partei, die gerade herinnen sind – es ist ja, wenn es um sachliche Debatten und um soziale Maßnahmen für unse­re Familien geht, anscheinend nicht so üblich, dass man an der Debatte teilnimmt und sich hier einbringt  –, einfach aus der OTS des Freiheitlichen Parlamentsklubs vom 13. März zitieren: „Coronavirus: Kickl für ‚Lock­down‘ Österreichs“. „Daher“ – um eine Ausbreitung zu verhindern – „sei es notwendig, alles zu unternehmen, um einen Kollaps zu verhindern und die exponentielle Steige­rung der Neuinfektionen zu durchbrechen.
179715	1	1	Bei Johnson & Johnson ist es besonders interessant, denn dieser Impfstoff war nämlich auch noch billiger als manche Vergleichspräparate. Von den 1,5 Millionen Impfungen, auf die die Republik verzichtet hat, wären 750 000 im zweiten Quartal gekommen – bei diesem Wirkstoff muss man nur einmal stechen, damit hätte man 750 000 Vollimmunisierungen gehabt. Es ist schon spannend, wie eine solche Entscheidung fällt, und auch das ist in den Fragen, die wir Ihnen geschickt haben, enthalten: Wie kommt es zu so einer Entscheidung?
106244	2	2	Die Schaffung einer Rechts­grundlage für die Verarbeitung von personenbezogenen Daten zum Zweck der Evaluie­rung und zur Nutzung digitaler Gesundheitssysteme erlaubt nun die Einführung des elek­tronischen Impfpasses, von dem meine Vorredner schon alle gesprochen haben.
172676	0	0	Wir wollten also von Ihnen wissen, auf welche Rechtsgrundlage Sie sich bei der Maskenpflicht an unseren Schulen berufen.
191276	1	0	So, zu den Fakten: Heute in der „Kronen Zeitung“ : Acht Covid-Anzeigen gegen den grünen Landtagsklub in Tirol. – Das war vorgestern: der komplette grüne Landtagsklub, acht Anzeigen, um 23 Uhr ohne Sicherheitsabstand, ohne Masken et cetera zusammengesessen. Wisst ihr, was das ist?
159714	2	2	Zudem muss man wissen, dass, wenn es bei Impfstoffen – selten genug – doch einmal zu schweren Komplikationen gekommen ist , diese meistens wenige Wochen nach dem Impfereignis auftraten und nicht erst nach Jahren.
113490	0	0	Wissen Sie, das ist ein bisschen wie mit dem rosaroten Elefanten, an den man nicht denken soll. Denken Sie nicht an einen Lockdown! Wir planen keinen Lockdown.
161614	2	0	Wir wissen heute, geimpfte Menschen werden mit sehr hoher Wahrscheinlichkeit nicht schwer krank.
151391	2	1	Falls man sich jetzt Sorgen machen sollte: Die Voraussetzungen für diese Erweiterungen der Befugnisse sind absolut klar geregelt. Die Coronaschutzimpfung darf nur von Sanitätern mit mindestens 2 000 Stunden Berufserfahrung verabreicht werden. Wenn man sich nicht vorstellen kann, was 2 000 Stunden Berufserfahrung sind: Das ist über ein Jahr an ständiger Berufserfahrung.
134596	0	0	Die Gesundheitskrise dürfe nicht auf dem Rücken der Kinder ausgetragen werden, mahnte am 11. November 2020 WKO Steiermark Vizepräsidentin und Landesvorsit­zende von Frau in der Wirtschaft, Gabriele Lechner. Sie lehnt einen Bildungslockdown ab. AK-Präsidentin Anderl am 12. November zu möglichen Schulschließungen: „Kinder und Jugendliche dürfen nicht weiter die Verlierer der Corona-Einschränkungen bleiben.“ Werner Rainer vom Landesverband der Elternvereine Kärnten plädierte am 12.
118754	0	1	Wir sehen allein aus den IHS-Studien zum Lockdown, dass mindestens 140 000 Kinder von der Schule nicht oder nur unzulänglich erreicht werden konnten.
45301	2	0	In Artikel 2 Z 1 lautet § 3: „§ 3. Mündliche Verhandlungen , Verneh­mungen , Au­genscheine, Beweisaufnahmen und dergleichen sind nur durchzuführen, wenn sicher­gestellt ist, dass am Ort der Amtshandlung zwischen den anwesenden Personen ein Abstand von mindestens einem Meter eingehalten werden kann. Die an der Amts­handlung teilnehmenden Personen haben eine den Mund- und Nasenbereich gut ab­deckende mechanische Schutzvorrichtung als Barriere gegen Tröpfcheninfektion zu tragen; dies gilt nicht für Kinder bis zum vollendeten sechsten Lebensjahr oder für Per­sonen, denen aus gesundheitlichen Gründen das Tragen der Vorrichtung nicht zuge­mutet werden kann.
190305	2	2	Es hätten mit all den anderen Dosen, die noch gekommen sind, insgesamt 750 000 Menschen mehr im zweiten Quartal in Österreich geimpft werden können.
156946	1	0	Sie haben gesagt: Lesen Sie die Verordnungen! Ja, es kommt ein harter Lockdown, ja, es ist aus einer Sicht, die Sie hier darstellen, einfach eine verklärte Sache der Bürgerlichkeit, des Biedermeiers. Sie sagen aus diesem Elfenbeinturm heraus einfach, dass die Menschen sich zusammenreißen sollen, dass in den Familien ohnehin alles geklärt wäre.
166966	0	0	– Da vermisse ich die Emotion der ÖVP, der christlich-sozialen ÖVP,s gegen unmenschliche Behandlung und für die Menschenwürde. Emotion hat die ÖVP woanders: Der Bundeskanzler wird „wütend und zornig“ bei Impfverstößen, auch bei anderer Gelegenheit „reißt“ ihm „der Geduldsfaden“. Wo aber ist bei diesem Thema die Emotion?
162308	2	1	Impfen und Testen sind in dieser Zeit einfach der beste Bei­trag, den jeder leisten kann.
158278	2	2	Ich würde mir wünschen, dass wir die Impfungen als solche auch als etwas Positives sehen.
134260	1	1	Die Deutschen haben eine aufrechte Reisewarnung mit fünftägiger Pflichtquarantäne nach Rückkehr, sodass wir auch nicht wissen, was in unseren Märkten möglich sein wird. Es wäre allerdings schon gut – und die Frau Kollegin, Tourismussprecherin Neßler, könnte bei ihrem Bundes­minister Anschober dafür Sorge tragen –, wenn nicht dasselbe passiert, was im Frühjahr war, als wir zwischen dem Lockdown  und dem Beginn der Saison sechs Wochen gebraucht haben, um unsere Skigebiete und die Lifte in Betrieb nehmen zu können. Das darf dieses Mal nicht passieren.
172702	0	0	Der Unterricht erfolgt an zwei Tagen in der Woche mit FFP2-Maske, und da sitzen diese Jugendlichen – unsere Kinder – in den Klassenzimmern, apathisch, reaktionslos, es findet kein lebhafter Unterricht statt.
45899	1	0	Tagesordnungspunkt 20: ein Bericht des Budgetausschus­ses, der schwerpunktmäßig drei Punkte umfasst. Es geht in dieser Zeit von Corona darum, dass für Masken keine Mehrwertsteuer verrechnet wird; es geht darum, dass die Förderungen des Bundes rechtmäßig vom Bund geprüft werden können und dass bei Schulveranstaltungsausfällen die Eltern nicht in die Pflicht genommen werden kön­nen, sondern dass das über das Ministerium abgewickelt wird. Da Kollege Krainer von der SPÖ gerade über dieses Förderpaket gesprochen hat, möchte ich auch etwas dazu sagen: Ich bin ständig in Kontakt etwa mit Südtirol und informiere mich, was dort läuft, was dort für die mittelständische Wirtschaft, für die klei­nen Betriebe, für den Tourismus an Förderungen läuft, ich informiere mich, was in der Schweiz läuft, was in Bayern, was in Deutschland läuft, und ich höre immer dasselbe: Wir wären froh, wenn wir von der Regierung so ein Auffangpaket bekämen, wie ihr es in Österreich schon beschlossen habt!
172841	2	2	Laut einer Umfrage bei den Pädagoginnen und Pädagogen haben sie allerdings bis dato weder Informationen zu Impfungen noch einen Impftermin erhalten; dabei wäre es mittlerweile Ende Februar und es wäre an der Zeit, dass das jetzt endlich umgesetzt wird.
193706	2	1	– Wir haben einen Plan mit dem Konzept des Testens auf den Tisch gelegt, um in den verschiedenen Bereichen etappenweise Öffnungsschritte zu setzen.
159336	2	2	Zur Frage 20:  Selbsttests werden eine neue, positive Möglichkeit in der Pandemiebekämpfung darstellen, wodurch sich auch der Zugang zum niederschwelligen Testen noch weiter verbessern kann. Da wird es zum Einsatz mehrere Möglichkeiten geben, abhängig von der Art des Tests und der Abnahme. Selbsttests können als betriebliche Tests auch gratis angeboten werden.
124450	1	1	Sitzung des Nationalrats über das Budgetbegleitgesetz 2021 – TOP 1 Die aktuelle Wirtschaftskrise als Folge der schweren COVID-19-Epidemie stellt Unter­nehmen vor zahlreichen Herausforderungen. Unternehmer_innen brauchen schnelle und unbürokratische Hilfe sowie Verlässlichkeit die über die Dauer des aktuellen Lock­downs weit hinausgeht. Die Maßnahmen der Bundesregierung erfolgen mitunter stark verspätet, ein Gesamtkonzept zur Bekämpfung der wirtschaftlichen Folgen inklusive allfälliger zukünftiger Entwicklungen fehlt komplett.
159357	2	1	Im September bin ich müde belächelt worden, als ich gesagt habe: Ich glaube daran, dass wir im Jänner einen Impfstoff haben werden. Jetzt haben wir den Impfstoff. Nützen wir gemeinsam diese große Chance!
162670	2	2	Und wenn wir noch einmal zusammenhalten, dann schaffen wir es – impfen, impfen, impfen und parallel dazu testen, testen, testen!
136571	0	0	So, jetzt wird um 20 Uhr oder um 19 Uhr, ich weiß nicht wann, gelernt – aber vielleicht kann gar nicht richtig gelernt werden, wie das Distancelearning es vorsehen würde, weil die Familie möglicherweise Probleme hat, die Miete zu bezahlen, oder weil es nicht einmal ein Endgerät gibt, mit dem Distancelearning möglich ist.
190326	0	1	Der Unterschied zwischen Israel und Österreich ist, dass dort wirklich geimpft wird, bei uns hingegen wird nur showgeimpft.
177600	2	0	Es sind noch bei Weitem nicht alle Menschen, die sich eben wirklich freiwillig impfen lassen wollen, geimpft.
44621	0	0	Wie problematisch das ist, sehen wir gerade auch jetzt in der Krise, wenn wir hören, dass die Gebietskörperschaften einkaufen – Masken einkaufen, was auch immer einkaufen – und natürlich im Nachhinein den Anspruch stellen, dass der Bund alles zahlt.
159771	2	1	Das Ziel, das Sie proklamiert haben, ist nicht erreicht. Der zweite Schritt, das Testen, der Ausbau der Testkapazitäten: Ja, im Vergleich zu früher wird deutlich mehr getestet, allerdings schaffen Sie es bis heute noch nicht, dass die Testzahlen tatsächlich transparent und nachvollziehbar von allen Bundesländern eingemeldet werden oder dass die klare Trennung zwischen Antigentests und PCR-Tests auch tatsächlich ersichtlich ist. Und wenn Sie Ihr Vorhaben, dass sich die gesamte österreichische Bevölkerung in Zukunft frei- beziehungsweise in das soziale Leben reintesten muss, morgen in der Sondersitzung beschließen wollen, dann reichen die Testkapazitäten bei Weitem nicht aus, denn Sie werden auf einmal pro Tag ungefähr zwei bis drei Millionen Tests zusätzlich haben, die Sie dann auch über PCR noch bestätigen müssen.
157560	0	0	Wir kennen Ihre Ankündigung, dass jeder jemanden kennen wird, der an Corona gestorben ist, wir kennen auch Ihre Unwahrheit von der raschen und unbürokratischen Hilfe, die jeden sofort ereilen wird – nichts davon ist wahr –, und wir kennen vor allem aus der letzten Zeit ihre aggressiven Attacken gegen all jene, die Ihnen nach all den enttäuschten Erwartungen, die Sie geweckt haben, einfach nicht mehr geglaubt haben. Das Vertrauen ist verloren gegangen, und Ihre Antwort ist Aggression gegen diejenigen, die gesagt haben: Na, selbstverständlich wird es einen weiteren Lockdown geben. – Sie haben es bestritten, der Gesundheitsminister hat es bestritten, und jetzt haben wir ihn.
53262	0	0	Der Gesundheitsminister hat in China eine Million Stück Antikörpertests gekauft, die nicht brauchbar sind, wie die Experten jetzt feststellen.
194669	1	1	Es gibt aber auch bei anderen Dingen ein nicht ganz nachvollziehbares und durchschaubares Vorgehen der Bundesregierung, wie zum Beispiel bei den Kostenersätzen für Coronatests. Da hat die Regierung offensichtlich gewürfelt: Firmen, die Tests durchführen, erhalten einen anderen Kostenersatz als Apotheken, die Tests durchführen. Ärzte, die Tests durchführen, erhalten wieder einen anderen Kostenersatz als private Labors, da gibt es noch mehr – also alles irgendwie nicht ganz durchschaubar und selbst für die Anwender nicht mehr nachvollziehbar.
180313	2	1	Von einem einheitlichen Vorgehen und einem gezielten Schutz der Hochrisikogruppe hat in den ersten Wochen des Impfgeschehens in Österreich definitiv nicht die Rede sein können, Herr Bundesminister!
71727	2	0	Ich glaube, das wäre ein großer Schritt hin in Richtung Durchimpfung einzelner Jahrgänge.
159332	2	1	Zur Frage 19:  Es wird Gratistestmöglichkeiten für die allgemeine Bevölkerung geben und diese werden zunehmend weiter ausgebaut, nach Vorbild der bereits stattgefundenen Massentests, die auch gratis und niederschwellig waren.
158963	1	2	Klarheit brauchen auch die Bürgermeisterinnen und Bürgermeister, die das Impfen – wie das Testen – organisieren und umsetzen müssen. Klarheit brauchen die Apotheker, die die vielen Fragen, die die Menschen zu diesen Impfungen jetzt schon stellen, beantworten müssen. Auch sie brauchen Klarheit und Information, ebenso die Hausärztinnen und Hausärzte, die eine wichtige Anlaufstelle für die Menschen mit ihren Fragen sind.
159272	2	2	Es ist derzeit zu früh, zu beurteilen, wann genau eine Zulassung von Impfstoffen für Kinder vorliegen wird. Derzeit konzentrieren sich alle Impfprogramme auf die Impfung von Personen höheren Alters, Personen mit hohem Infektionsrisiko und Risikopersonen allgemein, weil bei diesen das höchste Risiko für Erkrankung und Tod durch Covid-19 gegeben ist. Zur Frage 12:  Das Kernstück, das nationale Impfregister, wurde im Oktober 2020 in Betrieb genommen, nach den entsprechenden Vorgaben dieses Hauses und den entsprechenden legistischen Beschlüssen.
71698	2	0	Wir müssen dort, wo wir Verdachtsmomente haben, in die Breite gehen, deswegen die Breitbandtestung des Gesundheitspersonals sowie in Pflege- und Altenheimen , aber auch in Institutionen für Menschen mit Behinderungen.
161411	1	1	Zweiter Punkt ist der Zweckzuschuss. Uns wurde ja immer wieder vorgeworfen, wir wür­den die Länder und Kommunen im Stich lassen, gerade wenn es um die Flächenscree­nings geht, aber ganz genauso auch, wenn es in Zukunft um die Frage des Impfens geht. Dazu haben wir heute einen entsprechenden Entwurf eingebracht beziehungsweise dis­kutieren wir ihn, wo wir, wo der Bund eben Verantwortung übernimmt, so wie es sich auch gehört, und die Kosten übernimmt.
106171	2	0	Ich persönlich lasse mich seit vielen Jahren jährlich gegen Grippe impfen und werde natürlich auch von einem in Europa zugelassenen sicheren Covid-Impfstoff Gebrauch machen.
179779	1	2	Macht das die Bundesregierung, oder macht das Sebastian Kurz? Ist auch die EU schuld, dass bei uns in der Republik Österreich die Hälfte des Moderna-Impfstoffes herumliegt und nicht verimpft wird, oder sind wir da selber schuld, weil wir ein schlechtes Impfstoffmanagement haben? Jetzt gibt es eine zusätzliche Menge an Pfizer-Impfdosen auf europäischer Ebene, zehn Millionen Impfdosen – die Österreicher kriegen immer 2 Prozent; das sind 200 000 –, und wieder geht unser großartiger Bundeskanzler – wie Frau Kollegin Scheucher-Pichler im Sozialausschuss immer sagt; unser Bundeskanzler Sebastian Kurz, sagt sie dann mit leuchtenden Augen – her und sagt: Wir kriegen 400 000!
160049	2	1	Wahr ist, dass bei den beiden zugelassenen Impfungen ein individueller Schutz und eine Wirksamkeit von weit über 90 Prozent besteht.
172396	0	1	Aktuell kämpfen wir auch mit unterschiedlichen Mutationen, die zurzeit auftreten, egal ob die britische Mutation oder jene aus Südafrika; hinzu kommen die brasilianische Variante und die Frage, ob auch jeder Impfstoff entsprechend wirksam ist.
61933	0	0	In der Schule ist plötzlich alles anders: Masken, Desinfektion, Abstand halten, kein Turnen, kein Spielen. Dazu zwei kurze Fragen aus der Schulpraxis: Warum müssen wir im Gasthaus am Weg auf die Toilette keine Masken aufsetzen und die Kinder in der Schule aber schon, wenn sie auf die Toilette gehen? Oder: Warum dürfen sich die Kinder in der Schule nicht bewe­gen, obwohl Bewegung für die psychische und physische Gesundheit so wichtig ist?
64529	1	2	Ich wollte auch noch auf Maßnahmen, die der Bundesminister gesetzt hat, eingehen: Unter anderem wurden 6 Millionen Euro extra für die Sicherung bestehender Arbeitsplät­ze aufgebracht; keine Kosten für die Kurzarbeit begünstigter Behinderter – wenn Men­schen mit Behinderung in Kurzarbeit gehen, kostet das den Betrieb nichts, das AMS und das SMS teilen sich die Kosten –; die Erhöhung der bestehenden Arbeitsplatzsiche­rungszuschüsse um 50 Prozent; eine Förderung für selbstständige begünstigte Men­schen mit Behinderung – das sind immerhin 267 Euro pro Monat. Weitere Maßnahmen – die sind gratis, wenn Sie so wollen – sind die Erarbeitung von Ausnahmen von der Maskenpflicht und der Abstandsregel, wenn man mit persönlicher Assistenz zu tun hat. Dort sind die Maskenpflicht und die Abstandsregel ja nicht ein­haltbar.
159304	2	1	Zur Frage 15a:  Der Vertrag mit Astra Zeneca hat eine andere Vorgeschichte. Es ist ein multilateraler Vertrag vor Konstituierung des Lenkungsausschusses auf EU-Ebene zur Impfstoffbeschaffung, der ursprünglich von der sogenannten Vierländerimpfallianz – das waren damals Deutschland, Frankreich, Italien und Schweden – mit dem Hersteller abgeschlossen worden ist. Nach dem Zusammenschluss aller 27 EU-Länder zur gemeinsamen Beschaffung von Covid-19-Impfstoffen, die mit Mitteln aus dem ESI-Fonds unterstützt wird, wurde dieser Vertrag in das ESI-Regime überführt, da der Hersteller die in der EU-Impfstrategie gelisteten Kriterien erfüllte.
180877	2	0	Da ist ein Delta von 7,5 Millionen Impfdosen, das Sie die ganze Zeit, bis in den Jänner hinein, gehabt haben, wobei Sie nichts dagegen getan haben.
53259	1	0	Woher sollen denn die kommen, wenn das Rote Kreuz da Tests macht? – Das Rote Kreuz hat für Minister Faßmann nicht einmal 2 500 Tests für die Sora-Studie, die da gemacht wurde, zusammengebracht. 2 500!
24102	2	1	Es ist daher wichtig, eine Hotline eingerichtet zu haben und dass sich die Bürgerinnen und Bürger in sogenann­ten Screeningambulanzen testen lassen können.
39119	0	2	Nicht gerade vertrauenserweckend für die heimische Gastronomie war kürzlich ein Interview des Herrn Bundeskanzlers mit CNN, wo er darüber nachdachte, dass es „hilfreich sein kann, dass die Leute in Geschäften, aber in Zukunft auch in den Res­taurants oder anderswo Masken tragen müssen.“ Auch wenn Kurz dann später seine Idee dahingehend präzisierte, dass diese Maß­nahme für das Personal, nicht aber für die Gäste gelten soll, trug dies nicht wesentlich zur Schaffung von Klarheit und Sicherheit für die Betroffenen bei, zumal er hinzufügte, dass „dies aber nur eine von mehreren Möglichkeiten sei.“ Denn, so heißt es in einer Aussendung  die Schutzmasken­pflicht sei nur eine von vielen Begleitmaßnahmen bei der weiteren Lockerung des Shutdowns.
170669	2	2	Wir werden unsere Gesundheitskrise in den Griff bekommen, mit Tests – da sind wir sogar unter den Weltbesten! –, einem ganz wichtigen Instrument, auch mit Impfungen, und unsere Bevölkerung ist auch zunehmend immun gegen Corona. Jetzt müssen wir es gleichzeitig schaffen, gut aus der Wirtschaftskrise herauszukommen – also aus der Gesundheitskrise und aus der Wirtschaftskrise –, und dafür tun wir alles: für unsere Jugend, für die Menschen, die hier leben und Arbeit wollen, für die Betriebe, für die Unternehmerinnen und Unternehmer, für Kunst und Kultur.
174220	2	1	– Das kann gut sein. Auch betreffend die aktuellen gesetzlichen Regelungen möchte ich einige Widersprüche aufzeigen: Sie wollen die Impfdaten der Bürger verwenden, um Bestätigungen über den Impfstatus auszustellen. Das ist ein richtiges Ansinnen, aber statt auf die datenschutzrechtlich sicherere Möglichkeit, auf den elektronischen Impfpass zurückzugreifen und dort die Daten bedarfsgerecht herauszuholen, lassen Sie sich die Daten täglich ins Gesundheitsministerium liefern.
156925	2	1	Deshalb appelliere ich noch einmal auch an die Freiheitliche Partei, hier keine Unwahr­heiten zu verbreiten, keine Ängste vor dem Testen und vor dem Impfen zu schüren, sondern zu animieren, zu appellieren und zu ersuchen, dass man davon Gebrauch macht.
124304	0	0	Er hat aber gemeint, wir könnten uns das leisten, weil es in den letzten Jahren eine solide Budgetpolitik gegeben habe, und es werde alles getan, um einen zweiten Lockdown zu verhindern. Mittlerweile fragen sich aber viele Österreicher: Was wurde getan, um diesen zweiten Lockdown zu verhindern? Wurden die Kapazi­täten in unseren Spitälern erhöht?
185780	2	2	Geschätzte Damen und Herren hier im Saal und vor den Bildschirmen! Die Behauptung, dass die Bereitschaft der Bevölkerung, sich testen zu lassen, nur vom Angebot abhängt, stimmt so nicht ganz. Wir Menschen sind sehr wohl in der Lage, uns auch ohne Anreize, rein aus Vernunft und aus Rücksichtnahme auf andere, auf unsere Mitmenschen, testen zu lassen.
57567	1	0	Bezirk in Wien beobachten können. Es gab die tolle Diskussion um einen Pop-up-Radweg , eine grüne Idee für einen temporären Radweg, der in Zeiten von Corona gleichzeitig Social Dis­tancing plus aktive Mobilität fördern wollte. Ihre KollegInnen aus dem Bezirk haben uns ausgerichtet: Mit uns sicher nicht!
177589	0	1	Dieser Zwang aber, den Sie ausüben, bei den Kindern in den Schulen, bei den Angestellten, die die Maske 8 bis 10 Stunden tragen müssen, weshalb man Gesundheitsrisken wirklich nicht ausschließen kann – das hat übrigens auch  die Frau Vorsitzende noch vor wenigen Monaten gesagt, jetzt sagt sie es nicht mehr –, ist das, was falsch ist.
142605	2	2	In die­sem persönlichen Gespräch hat er gesagt, dass die Schulen – hören Sie zu, ich wieder­hole das jetzt zum dritten Mal! – natürlich nicht frei vom Infektionsgeschehen sind, aber dass es möglich ist, sie offen zu halten, wenn man alle Pädagoginnen und Pädagogen einmal in der Woche mit einem Antigentest testet – nicht mehr und nicht weniger. Bei geeigneten Teststrategien kann man die Schule offen halten und sicher gestalten.
156600	2	2	Wir können noch etwas dazu beitragen, nämlich uns testen zu lassen.
157238	0	2	Die Antigentests geben uns praktische Möglichkeiten in die Hände, sofort eine Abklärung zu machen. Fest steht: Hätte die Regierung diese Strategie beachtet, dann hätten unsere Kinder nicht jetzt zum dritten Mal in den Lockdown gehen müssen. Das Einzige, was aus dem Bildungsministerium heraus geschehen ist, waren Pilot­projekte: ein paar mobile Teams da, ein Bus mit RT-Lamp-Tests dort, hin und wieder Gurgeltests.
173565	1	0	In unserem Antrag geht es darum, dass der Chef der Selbständigenversicherung, Peter Lehner, im Jänner medial groß angekündigt hat, die SVS werde jetzt beginnen, die Beiträge einzutreiben. Und das war natürlich das Topsignal mitten im Lockdown, den Unternehmern zu sagen: Wir treiben jetzt die Beiträge ein! Da geht es ja nicht nur um die Selbstständigen, da würde man die Situation verkennen, sondern da geht es auch um Arbeitsplätze von Mitarbeitern dieser Selbstständigen.
33244	2	0	Ich sage aber: Abstand halten!, das ist ein gutes Thema.
180756	2	2	Zwei Drittel der Bevölkerung will sich impfen lassen und wird geimpft.
158235	1	0	Wie werden Pannen vermie­den? Oder ist es der Regierung völlig egal, dass testwillige Personen, testwillige Men­schen mangels Testkapazitäten gar keine Möglichkeit zum Freitesten haben werden? Herr Klubobmann Wöginger beschwert sich heute auch noch darüber, dass im Parla­ment darüber diskutiert wird.
181178	0	0	Das macht aber nun keinen Sinn für die eben erwähnte Familie: Da haben die Eltern nämlich nach dem ersten und vor dem zweiten Lockdown einen Job gefunden, diesen aber aufgrund der Schließungen im November wieder verloren, können aber wegen der Richtlinie, die es derzeit gibt, keinen Familienhärteausgleich beantragen. Das Problem ist, dass es nicht erst den zweiten, sondern den dritten Lockdown gibt und die Gastronomie ja seit November generell geschlossen ist. Das bedeutet, da ist es durch eine fehlerhaft ausgeführte Richtlinie nicht möglich, dass Menschen, die im Moment Unterstützung bräuchten, diese auch bekommen – und die Kritik, die wir auch im Familienausschuss angebracht haben, ist da leider nicht gehört worden.
50295	0	0	Da kann ich den Herrn Bundespräsidenten nur einladen, auch unsere Petition auf der Website www.coronawahnsinn.at zu unterschreiben, denn das ist nämlich genau eine der Forderungen, die wir haben: Weg mit der Sperrstunde und weg mit dieser sinnent­leerten Maskenpflicht, meine Damen und Herren!
53122	0	0	Da wundert es mich nicht, sehr geehrte Damen und Herren, dass Sie bis heute so sehr an der Maskenpflicht festhalten. Sie tun das wahrscheinlich, damit die Bevölkerung nicht die beschämenden Gesichter sehen muss, die sich mittlerweile unter den Masken befin­den. Wenn Sie schon nicht helfen wollen, dann hören Sie doch endlich auf, diese Selbsthilfe so mit Ihren Maßnahmen und Verordnungen zu torpedieren, die die Bevölkerung und die Wirtschaft auch beim Hochfahren mit voller Härte treffen, Maßnahmen und Ver­ordnungen, auf deren Grundlage Sie mit Strafen, mit voller Härte gegen die Bevölkerung vorgehen, Verordnungen – und das schlägt dem Fass den Boden aus –, die für Sie selbst anscheinend nicht gelten!
104835	2	0	Dr. Burgmann, der Leiter der Virologie des AKH, hat diese Woche wieder einmal etwas in Bezug auf diesen Vergleich von Grippe und Corona betont – wir wissen es alle und das sagen alle Ex­perten  –: Erstens ein­mal gibt es gegen die Grippe einen Impfstoff und zweitens ist Corona  tatsächlich zehnmal so tödlich wie die Grippe, das dürfen wir nie vergessen.
200408	2	2	Zum Schluss möchte ich noch einen Appell an Sie richten, die Sie uns jetzt hier zusehen, an die Österreicherinnen und Österreicher zu Hause: Wenn Sie die Gelegenheit haben, dann lassen Sie sich bitte bei der ersten Möglichkeit impfen!
174555	2	2	Daher ist unser Grundsatz: So viel Freiheit wie möglich und nur so viel Einschränkung wie nötig – und dazu brauchen wir unsere Teststrategie. Mit dem heutigen Beschluss schaffen wir die gesetzlichen Rahmenbedingungen für die Abwicklung der Gratistests bei symptomlosen Personen. Diese Tests bieten einen zusätzlichen Schutz.
180105	2	1	Erstmals wurden da auch die prioritären Gruppen und auf den Lieferzeitplänen und den Anforderungen an die Impfinfrastruktur und -logistik aufbauende Phasen der Impfaktion besprochen. Am 23. Dezember 2020 habe ich dem Ministerrat wiederum über den Stand der Planungen und über die Gestaltung der Impfhonorare, die aus dem Covid-19-Krisenbewältigungsfonds bedeckt werden, sowie über die Implementierung der elektronischen Dokumentation der Impfung berichtet. Die Kosten der Abwicklung der Impfung wurden mit weiteren 200 Millionen Euro angeben.
184921	2	0	Wenn man sich nämlich den gesamten Abänderungsantrag beziehungsweise den gesamten Gesetzentwurf durchliest, dann kommt man drauf, dass es nicht darum geht, Menschen irgendwelche Sonderrechte einzuräumen oder Ähnliches , sondern dass man eben dafür sorgt, dass wir die Geimpften erstmalig aufnehmen und sie mit den Genesenen, aber eben auch mit den frisch Getesteten gleichstellen.
160156	2	0	Die Bundesregierung wird daher aufgefordert, die notwendigen Schritte, was die arbeitsrechtliche Situation und den Kontakt zur Gesundheitsbehörde  betrifft, umgehend klar zu regeln. Weiters ist die Qualität, die Sicherheit und die Zulassung dieser Tests sicher zu stellen. Die Bundesregierung hat dafür Sorge zu tragen, dass derartige Selbsttests breitflächig und kostenfrei zum Einsatz gebracht werden können.
51143	1	1	Jetzt stellen Sie sich vor, Sie sind Betreiber eines Fit­nessstudios und haben bis dato überhaupt noch nicht aufsperren können! Ich habe erst gestern mit einem Fitnessstudiobetreiber aus meiner Region gesprochen, bei dem seit dem Lockdown Mitte März keine Hantel geschwungen wurde und der dennoch erst ein Mal eine kleine Minizahlung erhalten hat; viele haben aber noch nicht einmal irgendet­was bekommen. Wie soll er überleben, wenn er gerade erst sein Erspartes in sein Le­benswerk investiert hat?
161488	2	0	Ich verstehe das daher überhaupt nicht. Mir hat sehr gut gefallen, was Klubobfrau Meinl-Reisinger am Sonntag gesagt hat: Was ist denn da dabei, wenn ich weiß, dass ich jemanden vis-à-vis nicht gefährde, wenn ich weiß, dass ich meine Oma und meinen Opa nicht gefährde, wenn ich weiß, dass ich negativ getestet bin? Wo liegt da bitte das Problem?
123073	0	0	Der zweite Lockdown – wir haben heute den ersten Tag dieses zweiten Lockdowns – wird diese Entwicklung und diese dramatische Situation noch weiter verschärfen.
172721	2	0	Es soll mir egal sein: Von mir aus tragen die Kinder auf den Gängen Maske, waschen sich die Hände – aber setzen Sie Trennwände ein, setzen Sie Raumlüfter ein!
177446	1	0	Stellen Sie sich dort und helfen Sie doch mit, einige interessante Zufälle aufzuklären! Der erste Zufall ist, wie es dazu kommt, dass diese Hygiene Austria, diese Maskenfirma, diese Skandalfirma, ausgerechnet einen Tag vor der Bekanntgabe des ersten Lockdowns gegründet wird. Das schaut doch nach Insiderwissen aus.
180324	1	1	Es ist ja nicht nur so, dass die Impfungen nicht ausreichend schnell durchgeführt werden. Sie rühmen sich damit, dass wir so viele Testungen machen. Ja, das stimmt: Wir machen in absoluten Zahlen in Österreich pro Tag mehr Tests als ganz Deutschland; nur testen wir ziemlich sinnlos in die Gruppe der asymptomatischen Menschen hinein!
194057	2	2	Es wird Impfzentren und Impfstraßen brauchen, es würde auch die Apotheker brauchen, es würde die selbstständigen Pflegekräfte brauchen, die impfen, und es braucht in den Schulen auch die Schulärzte. Im Moment sind die Impfstoffe ab 16 zugelassen, sie werden bald ab 12 zugelassen sein, und dann kommen wir ohne die Schulen nicht in die Breite der Bevölkerung. Da werden wir alle Berufsgruppen brauchen, eben auch die selbstständige Pflege und die Apotheker.
177649	2	0	Auch das ist ein Grund dafür, warum wir testen, testen, testen.
194711	2	1	Jede Verzögerung der Impfung ist ein Schaden für die physische und psychische Gesundheit unserer Bevölkerung. Für die Entscheidung über ein Aussetzen soll wirklich ein Impfgremium, ein wissenschaftliches Gremium zuständig sein, und die Politik soll sich nach dessen Empfehlungen richten. Sehr geehrte Damen und Herren!
